{"stats":{"minecraft:dropped":{"create_sa:copper_leggings":1,"minecraft:bread":2,"minecraft:iron_sword":1,"minecraft:porkchop":42,"minecraft:birch_planks":45,"minecraft:wheat_seeds":3,"tempad:tempad":7,"minecraft:cooked_beef":3,"minecraft:lilac":1,"minecraft:glow_ink_sac":6,"minecraft:diamond":18,"minecraft:crafting_table":1,"minecraft:dripstone_block":1,"minecraft:cooked_porkchop":38,"minecraft:cobblestone":85,"minecraft:granite":5,"create_sa:zinc_pickaxe":1,"securitycraft:universal_owner_changer":1,"minecraft:coal":75,"minecraft:cod":8,"minecraft:item_frame":2,"minecraft:stick":15,"minecraft:flint":1,"create_sa:zinc_shovel":1,"minecraft:dirt":33,"minecraft:gray_wool":3,"create_sa:copper_sword":1,"minecraft:diorite":3,"minecraft:torch":55,"immersive_armors:wooden_leggings":3,"minecraft:mutton":90,"create_sa:copper_boots":1,"minecraft:wooden_axe":1,"minecraft:iron_door":1,"minecraft:cooked_salmon":6,"minecraft:fire_charge":1,"minecraft:sand":2,"minecraft:iron_axe":2,"minecraft:iron_pickaxe":1,"immersive_armors:wooden_chestplate":2,"minecraft:iron_shovel":2,"minecraft:white_wool":21,"minecraft:gold_ingot":2,"minecraft:bone":1,"securitycraft:reinforced_stone":2,"minecraft:gravel":19,"minecraft:stone_axe":5,"minecraft:cooked_chicken":31,"create_sa:copper_chestplate":1,"minecraft:cobbled_deepslate":10,"minecraft:tuff":2,"immersive_armors:wooden_boots":2,"minecraft:pointed_dripstone":12,"camera:image":2,"minecraft:chicken":12,"minecraft:rotten_flesh":4,"minecraft:oak_planks":4,"minecraft:light_gray_wool":2,"minecraft:clay_ball":48,"minepop:minepop_techno_blade":1,"create_sa:zinc_axe":1,"minecraft:cooked_mutton":31,"create_sa:copper_helmet":2,"minecraft:salmon":11,"securitycraft:keypad_item":2,"securitycraft:universal_block_remover":2,"minecraft:stone":32,"minecraft:shield":3,"minecraft:heavy_weighted_pressure_plate":2,"minecraft:andesite":11,"minecraft:birch_door":4,"minecraft:oak_sapling":10,"camera:camera":6,"minecraft:birch_sign":1,"comforts:sleeping_bag_white":2,"minecraft:birch_boat":2,"minecraft:arrow":10,"minecraft:beef":28,"minecraft:glass":18,"minecraft:stone_pickaxe":14,"minecraft:wooden_pickaxe":6,"minecraft:raw_gold":1,"securitycraft:universal_block_reinforcer_lvl1":1,"immersive_armors:wooden_helmet":3,"minecraft:black_wool":4},"minecraft:killed":{"minecraft:spider":3,"minecraft:skeleton":10,"minecraft:pig":4,"minecraft:zombie_villager":1,"minecraft:salmon":1,"minecraft:sheep":9,"minecraft:zombie":8,"minecraft:enderman":1,"minecraft:cow":10},"minecraft:picked_up":{"minecraft:crafting_table":8,"securitycraft:keypad_item":8,"minecraft:chicken":8,"minecraft:anvil":1,"minecraft:clay_ball":48,"minecraft:wooden_pickaxe":2,"minecraft:gold_block":2,"camera:camera":6,"securitycraft:universal_key_changer":2,"minecraft:heavy_weighted_pressure_plate":2,"minecraft:cornflower":1,"minecraft:raw_copper":142,"minecraft:item_frame":4,"minecraft:iron_shovel":1,"minecraft:glass_pane":12,"minecraft:cobbled_deepslate":118,"comforts:sleeping_bag_white":3,"minecraft:beef":21,"minecraft:poppy":2,"minecraft:iron_pickaxe":1,"immersive_armors:wooden_leggings":2,"minecraft:light_gray_wool":2,"minepop:minepop_obiwan_kenobi":1,"minecraft:sugar_cane":15,"minecraft:birch_sapling":2,"minecraft:furnace":2,"minecraft:raw_iron":63,"minecraft:stick":5,"minecraft:stone":41,"minecraft:torch":88,"minecraft:fire_charge":1,"minecraft:porkchop":42,"minecraft:diorite":3,"minecraft:redstone":34,"create:zinc_ingot":41,"minecraft:stone_sword":1,"immersive_armors:wooden_helmet":2,"minecraft:arrow":13,"minepop:minepop_techno_blade":1,"minecraft:rotten_flesh":1,"minecraft:gold_ingot":2,"minecraft:oxeye_daisy":1,"minecraft:mutton":95,"minecraft:obsidian":2,"securitycraft:keypad_door_item":2,"minecraft:cod":12,"minecraft:white_wool":22,"minecraft:cobblestone":1107,"minecraft:birch_log":19,"minecraft:feather":13,"minecraft:lilac":1,"minecraft:water_bucket":1,"minecraft:salmon":13,"minecraft:andesite":11,"securitycraft:universal_owner_changer":1,"minecraft:leather":9,"minecraft:birch_planks":7,"minecraft:flint":6,"minecraft:tuff":2,"create:raw_zinc":41,"minecraft:oak_log":74,"securitycraft:keypad_chest":2,"minecraft:gunpowder":2,"minecraft:dirt":44,"minecraft:paper":5,"minecraft:cooked_mutton":4,"securitycraft:reinforced_stone_button":44,"minecraft:glass":45,"minecraft:bone":1,"minecraft:wheat_seeds":2,"minecraft:stone_pickaxe":8,"minecraft:cooked_chicken":52,"securitycraft:universal_block_reinforcer_lvl1":1,"camera:image":2,"minecraft:iron_sword":1,"minecraft:oak_planks":8,"minecraft:cooked_porkchop":5,"minecraft:birch_boat":3,"minecraft:pumpkin":1,"minecraft:dandelion":10,"tempad:tempad":9,"minecraft:dripstone_block":7,"minecraft:gravel":19,"minecraft:sand":187,"minepop:randombox":2,"securitycraft:reinforced_stone":624,"securitycraft:universal_block_remover":3,"minecraft:diamond":18,"minecraft:stone_axe":3,"immersive_armors:wooden_chestplate":1,"minecraft:granite":5,"minecraft:gray_wool":2,"minecraft:bread":1,"securitycraft:keypad":2,"minecraft:oak_sapling":9,"immersive_armors:wooden_boots":1,"minecraft:black_wool":2,"minecraft:coal":311,"minecraft:ender_pearl":1},"minecraft:broken":{"minecraft:stone_pickaxe":3,"minecraft:iron_pickaxe":2,"securitycraft:universal_block_reinforcer_lvl1":2},"minecraft:crafted":{"minecraft:oak_planks":60,"create_sa:copper_chestplate":2,"comforts:sleeping_bag_white":1,"minecraft:birch_boat":3,"minecraft:cooked_chicken":8,"minecraft:furnace":4,"minecraft:stone_button":37,"minecraft:stone":688,"securitycraft:keypad_item":6,"securitycraft:keypad_frame":2,"create_sa:zinc_pickaxe":2,"minecraft:heavy_weighted_pressure_plate":7,"create_sa:copper_helmet":2,"immersive_armors:wooden_chestplate":1,"minecraft:glass_pane":16,"minecraft:cooked_mutton":30,"securitycraft:laser_block":2,"minecraft:glass":34,"minecraft:iron_axe":3,"securitycraft:universal_block_remover":1,"minecraft:stone_pickaxe":7,"minecraft:chest":4,"minecraft:iron_door":3,"minecraft:birch_door":3,"immersive_armors:wooden_helmet":1,"minecraft:redstone_block":2,"minepop:randombox":2,"securitycraft:keypad_door_item":2,"create_sa:zinc_axe":2,"minecraft:cooked_beef":3,"minecraft:red_dye":2,"create_sa:copper_leggings":2,"minecraft:item_frame":2,"minecraft:cooked_porkchop":37,"minecraft:crafting_table":6,"securitycraft:reinforced_stone_button":15,"minecraft:wooden_pickaxe":3,"immersive_armors:wooden_leggings":1,"minecraft:cooked_salmon":6,"minecraft:copper_ingot":94,"minecraft:birch_planks":76,"minecraft:stone_axe":2,"minecraft:air":0,"immersive_armors:wooden_boots":1,"create_sa:copper_boots":2,"minecraft:oak_boat":1,"minecraft:yellow_dye":10,"securitycraft:door_indestructible_iron_item":2,"create_sa:zinc_shovel":2,"minecraft:shield":2,"minecraft:stick":92,"minecraft:iron_ingot":72,"minecraft:iron_pickaxe":2,"minecraft:wooden_axe":1,"minecraft:iron_shovel":1,"minecraft:gold_ingot":9,"minecraft:torch":60,"create:zinc_ingot":41,"minecraft:shears":1,"securitycraft:universal_block_reinforcer_lvl1":2},"minecraft:custom":{"minecraft:interact_with_anvil":7,"minecraft:mob_kills":50,"minecraft:interact_with_crafting_table":103,"minecraft:leave_game":5,"minecraft:time_since_death":87289,"minecraft:sprint_one_cm":712246,"minecraft:walk_one_cm":610516,"minecraft:damage_blocked_by_shield":1205,"minecraft:drop":237,"minecraft:play_time":384383,"minecraft:sneak_time":60898,"minecraft:deaths":8,"minecraft:walk_under_water_one_cm":30748,"minecraft:boat_one_cm":117118,"minecraft:jump":4029,"minecraft:walk_on_water_one_cm":51491,"minecraft:total_world_time":384383,"minecraft:interact_with_furnace":48,"minecraft:time_since_rest":87316,"minecraft:damage_taken":6907,"minecraft:damage_dealt":9295,"minecraft:swim_one_cm":103102,"minecraft:player_kills":8,"minecraft:fly_one_cm":626604,"minecraft:open_chest":159,"minecraft:crouch_one_cm":75912,"minecraft:fall_one_cm":149305},"minecraft:used":{"create_sa:zinc_axe":4,"minecraft:iron_shovel":156,"securitycraft:keypad_chest":2,"minecraft:chest":4,"minecraft:shield":45,"minecraft:stone":38,"minecraft:iron_sword":16,"securitycraft:keypad_door_item":4,"minecraft:cooked_chicken":78,"minecraft:torch":74,"minecraft:dirt":22,"minecraft:mutton":9,"minecraft:anvil":1,"securitycraft:keypad_item":9,"securitycraft:reinforced_stone":607,"minecraft:wooden_axe":37,"minecraft:lava_bucket":1,"minecraft:iron_axe":89,"minecraft:birch_sapling":2,"minepop:minepop_obiwan_kenobi":1,"minecraft:item_frame":2,"minepop:randombox":4,"securitycraft:universal_key_changer":3,"minecraft:furnace":6,"minecraft:gold_block":1,"comforts:sleeping_bag_white":1,"minecraft:cooked_mutton":3,"minecraft:water_bucket":25,"minecraft:stone_pickaxe":814,"minecraft:oak_planks":10,"minecraft:wooden_pickaxe":49,"minecraft:birch_boat":5,"securitycraft:keypad_frame":2,"minecraft:crafting_table":11,"securitycraft:universal_block_remover":7,"create_sa:zinc_pickaxe":20,"create_sa:copper_helmet":1,"minecraft:cod":4,"create_sa:copper_leggings":1,"minecraft:dripstone_block":6,"create_sa:copper_boots":1,"minecraft:bread":1,"create_sa:copper_sword":36,"minecraft:iron_pickaxe":542,"create_sa:zinc_shovel":13,"minecraft:stone_axe":22,"minecraft:cooked_porkchop":4,"minecraft:cobblestone":59,"minecraft:porkchop":1,"minecraft:bucket":27,"minecraft:oak_boat":1,"create_sa:copper_chestplate":1},"minecraft:mined":{"create:zinc_ore":24,"create:deepslate_zinc_ore":17,"minecraft:tuff":2,"minecraft:deepslate_diamond_ore":9,"minecraft:granite":5,"minecraft:grass_block":14,"minepop:minepop_obiwan_kenobi":1,"comforts:sleeping_bag_white":1,"minecraft:tall_seagrass":3,"minepop:randombox":1,"minecraft:furnace":2,"minecraft:iron_ore":48,"minecraft:fire":2,"minecraft:andesite":11,"minecraft:pumpkin":1,"minecraft:anvil":1,"minecraft:gold_block":1,"minecraft:deepslate_iron_ore":8,"minecraft:stone":972,"minecraft:deepslate_redstone_ore":8,"minecraft:torch":10,"minecraft:crafting_table":8,"minecraft:copper_ore":4,"minecraft:tall_grass":4,"minecraft:cobblestone":9,"minecraft:oak_planks":6,"minecraft:diorite":3,"minecraft:wall_torch":20,"minecraft:seagrass":2,"minecraft:birch_log":19,"minecraft:lilac":1,"minecraft:birch_leaves":2,"minecraft:grass":14,"minecraft:coal_ore":135,"minecraft:oak_log":31,"minecraft:sand":118,"minecraft:gravel":27,"minecraft:dripstone_block":10,"minecraft:dirt":29,"minecraft:oak_leaves":6,"minecraft:deepslate":121},"minecraft:killed_by":{"minecraft:player":4,"minecraft:spider":1}},"DataVersion":2975}