{"stats":{"minecraft:dropped":{"minecraft:stone_axe":3,"minecraft:birch_planks":25,"tempad:tempad":2,"minecraft:lilac":1,"minecraft:cobbled_deepslate":10,"minecraft:diamond":18,"minecraft:crafting_table":1,"camera:image":1,"minecraft:light_gray_wool":1,"securitycraft:keypad_item":2,"minecraft:item_frame":2,"minecraft:stick":6,"securitycraft:universal_block_remover":1,"minecraft:stone":29,"minecraft:shield":1,"minecraft:torch":24,"minecraft:wooden_axe":1,"minecraft:oak_sapling":1,"camera:camera":1,"minecraft:glass":18,"minecraft:iron_axe":1,"minecraft:arrow":2,"minecraft:stone_pickaxe":6,"minecraft:wooden_pickaxe":1,"securitycraft:universal_block_reinforcer_lvl1":1},"minecraft:custom":{"minecraft:interact_with_furnace":27,"minecraft:mob_kills":25,"minecraft:interact_with_crafting_table":34,"minecraft:leave_game":2,"minecraft:time_since_death":75336,"minecraft:time_since_rest":75364,"minecraft:sprint_one_cm":271357,"minecraft:damage_taken":2652,"minecraft:walk_one_cm":180476,"minecraft:drop":43,"minecraft:damage_dealt":2712,"minecraft:swim_one_cm":40398,"minecraft:fly_one_cm":220212,"minecraft:open_chest":38,"minecraft:crouch_one_cm":19050,"minecraft:play_time":102110,"minecraft:deaths":3,"minecraft:sneak_time":10575,"minecraft:walk_under_water_one_cm":14650,"minecraft:boat_one_cm":68788,"minecraft:jump":1450,"minecraft:walk_on_water_one_cm":26096,"minecraft:total_world_time":102110,"minecraft:fall_one_cm":62067},"minecraft:mined":{"minecraft:deepslate_diamond_ore":9,"minecraft:crafting_table":7,"minecraft:torch":3,"minecraft:grass_block":5,"minecraft:copper_ore":4,"minecraft:cobblestone":3,"minecraft:wall_torch":7,"comforts:sleeping_bag_white":1,"minecraft:furnace":2,"minecraft:fire":2,"minecraft:birch_log":16,"minecraft:iron_ore":15,"minecraft:lilac":1,"minecraft:pumpkin":1,"minecraft:gold_block":1,"minecraft:grass":6,"minecraft:oak_log":26,"minecraft:coal_ore":109,"minecraft:deepslate_iron_ore":2,"minecraft:sand":52,"minecraft:stone":553,"minecraft:oak_leaves":4,"minecraft:deepslate":11},"minecraft:used":{"minecraft:water_bucket":5,"minecraft:iron_shovel":52,"minecraft:stone_pickaxe":683,"minecraft:chest":2,"minecraft:birch_boat":5,"minecraft:wooden_pickaxe":15,"minecraft:stone":37,"minecraft:cooked_chicken":30,"minecraft:torch":33,"minecraft:dirt":1,"minecraft:mutton":5,"securitycraft:keypad_item":1,"minecraft:crafting_table":7,"minecraft:wooden_axe":37,"minecraft:lava_bucket":1,"minecraft:iron_axe":21,"minecraft:birch_sapling":2,"minecraft:iron_pickaxe":13,"minecraft:item_frame":1,"minecraft:stone_axe":22,"minecraft:cobblestone":44,"minecraft:furnace":3,"minecraft:bucket":7,"comforts:sleeping_bag_white":1},"minecraft:picked_up":{"minecraft:birch_log":16,"minecraft:crafting_table":6,"securitycraft:keypad_item":6,"minecraft:lilac":1,"minecraft:leather":9,"minecraft:gold_block":1,"minecraft:birch_planks":2,"camera:camera":1,"minecraft:oak_log":26,"minecraft:gunpowder":2,"minecraft:dirt":1,"minecraft:raw_copper":20,"minecraft:item_frame":1,"minecraft:cobbled_deepslate":10,"comforts:sleeping_bag_white":1,"minecraft:beef":18,"minecraft:stone_pickaxe":4,"securitycraft:universal_block_reinforcer_lvl1":1,"minecraft:light_gray_wool":2,"camera:image":1,"minecraft:birch_sapling":2,"minecraft:furnace":2,"minecraft:raw_iron":17,"minecraft:stick":5,"minecraft:stone":36,"minecraft:birch_boat":3,"minecraft:pumpkin":1,"minecraft:torch":33,"minecraft:sand":52,"tempad:tempad":3,"minecraft:porkchop":4,"securitycraft:universal_block_remover":1,"minecraft:arrow":2,"minecraft:diamond":18,"minecraft:stone_axe":1,"minecraft:oak_sapling":1,"minecraft:mutton":10,"minecraft:coal":168,"minecraft:white_wool":5,"minecraft:cobblestone":565},"minecraft:killed":{"minecraft:pig":3,"minecraft:sheep":7,"minecraft:skeleton":1,"minecraft:zombie":2,"minecraft:cow":10},"minecraft:crafted":{"minecraft:item_frame":2,"minecraft:oak_planks":8,"minecraft:crafting_table":3,"comforts:sleeping_bag_white":1,"minecraft:birch_boat":3,"minecraft:wooden_pickaxe":1,"immersive_armors:wooden_leggings":1,"minecraft:furnace":1,"minecraft:stone":112,"minecraft:birch_planks":64,"minecraft:stone_axe":2,"minecraft:air":0,"immersive_armors:wooden_chestplate":1,"immersive_armors:wooden_boots":1,"minecraft:glass":18,"minecraft:shield":2,"minecraft:iron_axe":2,"securitycraft:universal_block_remover":1,"minecraft:stick":60,"minecraft:iron_ingot":20,"minecraft:iron_pickaxe":1,"minecraft:stone_pickaxe":6,"minecraft:wooden_axe":1,"minecraft:chest":2,"minecraft:iron_shovel":1,"immersive_armors:wooden_helmet":1,"minecraft:torch":36,"minecraft:shears":1},"minecraft:broken":{"minecraft:stone_pickaxe":3}},"DataVersion":2975}