{"stats":{"minecraft:custom":{"minecraft:interact_with_anvil":3,"minecraft:mob_kills":43,"minecraft:interact_with_crafting_table":89,"minecraft:leave_game":2,"minecraft:time_since_death":51975,"minecraft:sprint_one_cm":526446,"minecraft:walk_one_cm":465644,"minecraft:damage_blocked_by_shield":1075,"minecraft:drop":181,"minecraft:play_time":241927,"minecraft:deaths":6,"minecraft:sneak_time":15463,"minecraft:walk_under_water_one_cm":25527,"minecraft:boat_one_cm":80539,"minecraft:jump":2719,"minecraft:walk_on_water_one_cm":41173,"minecraft:total_world_time":241927,"minecraft:interact_with_furnace":45,"minecraft:time_since_rest":51999,"minecraft:damage_taken":5009,"minecraft:damage_dealt":6716,"minecraft:swim_one_cm":65620,"minecraft:player_kills":3,"minecraft:fly_one_cm":395099,"minecraft:open_chest":112,"minecraft:crouch_one_cm":29250,"minecraft:fall_one_cm":106263},"minecraft:crafted":{"minecraft:oak_planks":28,"create_sa:copper_chestplate":2,"comforts:sleeping_bag_white":1,"minecraft:birch_boat":3,"minecraft:cooked_chicken":8,"minecraft:furnace":4,"minecraft:stone_button":23,"minecraft:stone":674,"securitycraft:keypad_item":5,"securitycraft:keypad_frame":2,"create_sa:copper_helmet":2,"minecraft:heavy_weighted_pressure_plate":7,"create_sa:zinc_pickaxe":2,"minecraft:cooked_mutton":30,"minecraft:glass_pane":16,"immersive_armors:wooden_chestplate":1,"securitycraft:laser_block":2,"minecraft:glass":34,"minecraft:iron_axe":2,"securitycraft:universal_block_remover":1,"minecraft:stone_pickaxe":7,"minecraft:chest":2,"minecraft:iron_door":3,"minecraft:birch_door":3,"immersive_armors:wooden_helmet":1,"minecraft:redstone_block":2,"securitycraft:keypad_door_item":2,"create_sa:zinc_axe":2,"minecraft:cooked_beef":3,"create_sa:copper_leggings":2,"minecraft:item_frame":2,"minecraft:cooked_porkchop":37,"minecraft:crafting_table":4,"securitycraft:reinforced_stone_button":15,"minecraft:wooden_pickaxe":2,"immersive_armors:wooden_leggings":1,"minecraft:cooked_salmon":6,"minecraft:copper_ingot":50,"minecraft:birch_planks":64,"minecraft:stone_axe":2,"minecraft:air":0,"immersive_armors:wooden_boots":1,"create_sa:copper_boots":2,"securitycraft:door_indestructible_iron_item":2,"create_sa:zinc_shovel":2,"minecraft:shield":2,"minecraft:stick":80,"minecraft:iron_ingot":72,"minecraft:iron_pickaxe":2,"minecraft:wooden_axe":1,"minecraft:iron_shovel":1,"minecraft:torch":60,"create:zinc_ingot":41,"minecraft:shears":1,"securitycraft:universal_block_reinforcer_lvl1":2},"minecraft:broken":{"minecraft:stone_pickaxe":3,"minecraft:iron_pickaxe":2,"securitycraft:universal_block_reinforcer_lvl1":2},"minecraft:killed_by":{"minecraft:player":2,"minecraft:spider":1},"minecraft:mined":{"create:zinc_ore":24,"create:deepslate_zinc_ore":17,"minecraft:tuff":2,"minecraft:deepslate_diamond_ore":9,"minecraft:granite":5,"minecraft:grass_block":8,"comforts:sleeping_bag_white":1,"minecraft:tall_seagrass":3,"minepop:randombox":1,"minecraft:furnace":2,"minecraft:iron_ore":48,"minecraft:fire":2,"minecraft:andesite":11,"minecraft:pumpkin":1,"minecraft:anvil":1,"minecraft:gold_block":1,"minecraft:deepslate_iron_ore":8,"minecraft:stone":955,"minecraft:deepslate_redstone_ore":8,"minecraft:crafting_table":8,"minecraft:torch":10,"minecraft:tall_grass":3,"minecraft:copper_ore":4,"minecraft:cobblestone":3,"minecraft:diorite":3,"minecraft:wall_torch":20,"minecraft:seagrass":2,"minecraft:birch_log":16,"minecraft:lilac":1,"minecraft:grass":7,"minecraft:oak_log":31,"minecraft:coal_ore":109,"minecraft:dirt":7,"minecraft:gravel":27,"minecraft:sand":118,"minecraft:oak_leaves":6,"minecraft:deepslate":121},"minecraft:killed":{"minecraft:spider":1,"minecraft:skeleton":6,"minecraft:pig":4,"minecraft:zombie_villager":1,"minecraft:salmon":1,"minecraft:sheep":9,"minecraft:zombie":7,"minecraft:cow":10,"minecraft:enderman":1},"minecraft:used":{"create_sa:zinc_axe":3,"minecraft:iron_shovel":156,"securitycraft:keypad_chest":1,"minecraft:chest":2,"minecraft:shield":42,"minecraft:stone":38,"securitycraft:keypad_door_item":4,"minecraft:cooked_chicken":58,"minecraft:torch":74,"minecraft:dirt":4,"minecraft:anvil":1,"minecraft:mutton":9,"securitycraft:keypad_item":7,"securitycraft:reinforced_stone":575,"minecraft:wooden_axe":37,"minecraft:lava_bucket":1,"minecraft:iron_axe":79,"minecraft:birch_sapling":2,"minecraft:item_frame":2,"securitycraft:universal_key_changer":3,"minepop:randombox":2,"minecraft:furnace":6,"minecraft:gold_block":1,"comforts:sleeping_bag_white":1,"minecraft:water_bucket":21,"minecraft:stone_pickaxe":814,"minecraft:birch_boat":5,"minecraft:wooden_pickaxe":47,"securitycraft:keypad_frame":2,"minecraft:crafting_table":9,"securitycraft:universal_block_remover":6,"minecraft:bread":1,"minecraft:iron_pickaxe":501,"minecraft:stone_axe":22,"minecraft:cobblestone":44,"minecraft:porkchop":1,"minecraft:bucket":23},"minecraft:dropped":{"create_sa:copper_leggings":1,"minecraft:bread":2,"minecraft:porkchop":42,"minecraft:birch_planks":35,"minecraft:wheat_seeds":2,"tempad:tempad":6,"minecraft:cooked_beef":3,"minecraft:glow_ink_sac":6,"minecraft:lilac":1,"minecraft:diamond":18,"minecraft:crafting_table":1,"minecraft:cooked_porkchop":19,"minecraft:cobblestone":67,"minecraft:granite":5,"create_sa:zinc_pickaxe":1,"securitycraft:universal_owner_changer":1,"minecraft:coal":75,"minecraft:cod":8,"minecraft:flint":1,"minecraft:item_frame":2,"minecraft:stick":7,"create_sa:zinc_shovel":1,"minecraft:dirt":20,"minecraft:gray_wool":2,"minecraft:diorite":3,"minecraft:torch":43,"immersive_armors:wooden_leggings":3,"minecraft:mutton":90,"create_sa:copper_boots":1,"minecraft:wooden_axe":1,"minecraft:cooked_salmon":6,"minecraft:iron_door":1,"minecraft:fire_charge":1,"minecraft:sand":2,"minecraft:iron_axe":2,"immersive_armors:wooden_chestplate":2,"minecraft:iron_shovel":2,"minecraft:white_wool":2,"securitycraft:reinforced_stone":2,"minecraft:gravel":19,"minecraft:stone_axe":5,"create_sa:copper_chestplate":1,"minecraft:cobbled_deepslate":10,"minecraft:tuff":2,"immersive_armors:wooden_boots":2,"minecraft:pointed_dripstone":12,"camera:image":1,"minecraft:chicken":12,"minecraft:rotten_flesh":4,"minecraft:clay_ball":48,"minecraft:light_gray_wool":2,"minepop:minepop_techno_blade":1,"create_sa:zinc_axe":1,"minecraft:cooked_mutton":15,"create_sa:copper_helmet":1,"minecraft:salmon":11,"securitycraft:keypad_item":2,"securitycraft:universal_block_remover":2,"minecraft:stone":32,"minecraft:shield":2,"minecraft:andesite":11,"minecraft:birch_door":4,"minecraft:oak_sapling":10,"camera:camera":1,"minecraft:birch_sign":1,"minecraft:beef":28,"minecraft:stone_pickaxe":13,"minecraft:arrow":10,"minecraft:glass":18,"minecraft:wooden_pickaxe":4,"minecraft:raw_gold":1,"securitycraft:universal_block_reinforcer_lvl1":1,"immersive_armors:wooden_helmet":3,"minecraft:black_wool":4},"minecraft:picked_up":{"minecraft:crafting_table":8,"securitycraft:keypad_item":8,"minecraft:chicken":8,"minecraft:anvil":1,"minecraft:clay_ball":48,"minecraft:wooden_pickaxe":1,"minecraft:gold_block":2,"camera:camera":1,"securitycraft:universal_key_changer":2,"minecraft:raw_copper":112,"minecraft:item_frame":4,"minecraft:iron_shovel":1,"minecraft:glass_pane":12,"minecraft:cobbled_deepslate":118,"comforts:sleeping_bag_white":1,"minecraft:beef":21,"immersive_armors:wooden_leggings":2,"minecraft:light_gray_wool":2,"minecraft:sugar_cane":15,"minecraft:birch_sapling":2,"minecraft:furnace":2,"minecraft:stick":5,"minecraft:raw_iron":63,"minecraft:stone":41,"minecraft:torch":81,"minecraft:fire_charge":1,"minecraft:porkchop":42,"minecraft:diorite":3,"minecraft:redstone":34,"create:zinc_ingot":41,"immersive_armors:wooden_helmet":2,"minecraft:arrow":10,"minepop:minepop_techno_blade":1,"minecraft:rotten_flesh":1,"minecraft:obsidian":2,"minecraft:mutton":95,"securitycraft:keypad_door_item":2,"minecraft:cod":12,"minecraft:white_wool":22,"minecraft:cobblestone":1080,"minecraft:birch_log":16,"minecraft:feather":13,"minecraft:lilac":1,"minecraft:salmon":13,"minecraft:andesite":11,"securitycraft:universal_owner_changer":1,"minecraft:leather":9,"minecraft:birch_planks":2,"minecraft:flint":6,"minecraft:tuff":2,"create:raw_zinc":41,"minecraft:oak_log":74,"securitycraft:keypad_chest":1,"minecraft:gunpowder":2,"minecraft:paper":5,"minecraft:dirt":13,"securitycraft:reinforced_stone_button":30,"minecraft:glass":45,"minecraft:wheat_seeds":1,"minecraft:stone_pickaxe":7,"securitycraft:universal_block_reinforcer_lvl1":1,"camera:image":2,"minecraft:birch_boat":3,"minecraft:pumpkin":1,"tempad:tempad":8,"minecraft:gravel":19,"minecraft:sand":187,"minepop:randombox":2,"securitycraft:reinforced_stone":592,"securitycraft:universal_block_remover":3,"minecraft:diamond":18,"minecraft:stone_axe":2,"immersive_armors:wooden_chestplate":1,"minecraft:granite":5,"minecraft:gray_wool":1,"immersive_armors:wooden_boots":1,"minecraft:bread":1,"securitycraft:keypad":2,"minecraft:black_wool":2,"minecraft:oak_sapling":9,"minecraft:coal":242,"minecraft:ender_pearl":1}},"DataVersion":2975}