{"stats":{"minecraft:mined":{"create:deepslate_zinc_ore":98,"minecraft:granite":5,"minecraft:grass_block":29,"comforts:sleeping_bag_white":1,"ftbic:deepslate_tin_ore":2,"minecraft:tall_seagrass":3,"minepop:randombox":1,"minecraft:iron_ore":68,"minecraft:fire":2,"minecraft:pumpkin":1,"minecraft:deepslate_lapis_ore":5,"minecraft:anvil":1,"ftbic:deepslate_iridium_ore":1,"minecraft:deepslate_redstone_ore":15,"minecraft:torch":10,"minecraft:cobblestone":13,"minecraft:oak_planks":10,"minecraft:wall_torch":20,"minecraft:deepslate_copper_ore":24,"minecraft:seagrass":2,"minecraft:birch_log":19,"minecraft:lilac":1,"minecraft:grass":18,"minecraft:oak_log":31,"minecraft:sand":118,"minecraft:dirt":37,"minecraft:oak_leaves":31,"minecraft:deepslate":294,"create:zinc_ore":24,"minecraft:tuff":10,"minecraft:deepslate_diamond_ore":32,"minecraft:glow_lichen":1,"minepop:minepop_obiwan_kenobi":1,"minecraft:furnace":2,"minecraft:andesite":22,"minecraft:gold_block":1,"minecraft:deepslate_iron_ore":29,"minecraft:stone":1031,"minecraft:crafting_table":8,"minecraft:tall_grass":4,"minecraft:copper_ore":4,"minecraft:deepslate_gold_ore":30,"minecraft:diorite":3,"ftbic:deepslate_uranium_ore":2,"minecraft:birch_leaves":9,"minecraft:coal_ore":152,"minecraft:gravel":27,"minecraft:dripstone_block":14},"minecraft:picked_up":{"securitycraft:keypad_item":8,"minecraft:anvil":1,"camera:camera":6,"securitycraft:universal_key_changer":2,"minecraft:raw_copper":226,"minecraft:cobbled_deepslate":291,"comforts:sleeping_bag_white":3,"minecraft:iron_pickaxe":1,"minecraft:furnace":2,"minecraft:stick":6,"minecraft:torch":88,"minecraft:porkchop":42,"minecraft:pointed_dripstone":6,"minecraft:diorite":5,"minecraft:stone_sword":2,"minepop:minepop_techno_blade":1,"minecraft:rotten_flesh":5,"minecraft:obsidian":2,"minecraft:cod":12,"minecraft:cobblestone":1167,"minecraft:birch_log":19,"minecraft:feather":13,"minecraft:lilac":1,"minecraft:water_bucket":1,"minecraft:andesite":22,"minecraft:flint":6,"minecraft:tuff":15,"create:raw_zinc":122,"minecraft:lapis_lazuli":25,"minecraft:dirt":68,"ftbic:tin_chunk":2,"securitycraft:reinforced_stone_button":44,"minecraft:glass":45,"minecraft:bone":12,"minecraft:bow":1,"minecraft:wheat_seeds":2,"minecraft:raw_gold":30,"camera:image":2,"minecraft:oak_planks":12,"minecraft:cooked_porkchop":5,"tempad:tempad":9,"minecraft:sand":187,"securitycraft:reinforced_stone":624,"securitycraft:universal_block_remover":3,"minecraft:diamond":41,"ftbic:uranium_chunk":2,"minecraft:granite":5,"minecraft:bread":1,"minecraft:oak_sapling":10,"minecraft:crafting_table":8,"minecraft:chicken":8,"minecraft:clay_ball":48,"minecraft:wooden_pickaxe":2,"minecraft:gold_block":2,"minecraft:heavy_weighted_pressure_plate":2,"minecraft:cornflower":1,"minecraft:item_frame":4,"minecraft:iron_shovel":1,"minecraft:glass_pane":12,"minecraft:beef":21,"immersive_armors:wooden_leggings":2,"minecraft:poppy":2,"minecraft:light_gray_wool":2,"minepop:minepop_obiwan_kenobi":1,"minecraft:sugar_cane":15,"minecraft:birch_sapling":2,"minecraft:raw_iron":104,"minecraft:stone":41,"minecraft:fire_charge":1,"minecraft:redstone":65,"create:zinc_ingot":41,"ftbic:iridium_chunk":1,"immersive_armors:wooden_helmet":2,"minecraft:arrow":21,"minecraft:gold_ingot":2,"minecraft:mutton":97,"securitycraft:keypad_door_item":2,"minecraft:white_wool":23,"minecraft:oxeye_daisy":1,"minecraft:salmon":13,"securitycraft:universal_owner_changer":1,"minecraft:leather":9,"minecraft:birch_planks":7,"minecraft:oak_log":74,"securitycraft:keypad_chest":2,"minecraft:gunpowder":2,"minecraft:paper":5,"minecraft:cooked_mutton":4,"minecraft:apple":1,"minecraft:stone_pickaxe":8,"minecraft:cooked_chicken":52,"securitycraft:universal_block_reinforcer_lvl1":1,"minecraft:iron_sword":1,"minecraft:birch_boat":3,"minecraft:pumpkin":1,"minecraft:dandelion":10,"minecraft:dripstone_block":19,"minecraft:gravel":19,"minepop:randombox":2,"minecraft:spider_eye":1,"minecraft:stone_axe":3,"immersive_armors:wooden_chestplate":1,"minecraft:gray_wool":2,"securitycraft:keypad":2,"minecraft:black_wool":2,"minecraft:coal":328,"immersive_armors:wooden_boots":1,"minecraft:ender_pearl":1},"minecraft:crafted":{"minecraft:oak_planks":60,"create_sa:copper_chestplate":2,"minecraft:birch_boat":3,"minecraft:cooked_chicken":8,"minecraft:stone":802,"securitycraft:keypad_item":6,"minecraft:heavy_weighted_pressure_plate":7,"create_sa:zinc_pickaxe":2,"minecraft:cooked_mutton":30,"immersive_armors:wooden_chestplate":1,"securitycraft:laser_block":2,"minecraft:glass":34,"minecraft:chest":4,"minecraft:iron_door":3,"immersive_armors:wooden_helmet":1,"minecraft:birch_door":3,"minepop:randombox":2,"securitycraft:keypad_door_item":2,"create_sa:copper_leggings":2,"minecraft:item_frame":2,"minecraft:cooked_porkchop":37,"minecraft:crafting_table":6,"securitycraft:reinforced_stone_button":15,"minecraft:wooden_pickaxe":3,"immersive_armors:wooden_leggings":1,"minecraft:copper_ingot":94,"minecraft:birch_planks":76,"immersive_armors:wooden_boots":1,"minecraft:yellow_dye":10,"minecraft:shield":3,"minecraft:stick":100,"minecraft:iron_ingot":90,"minecraft:iron_pickaxe":4,"minecraft:gold_ingot":9,"minecraft:shears":1,"securitycraft:universal_block_reinforcer_lvl1":2,"comforts:sleeping_bag_white":1,"minecraft:furnace":4,"minecraft:stone_button":37,"minecraft:bone_meal":9,"securitycraft:keypad_frame":2,"create_sa:copper_helmet":2,"minecraft:glass_pane":16,"minecraft:iron_axe":3,"securitycraft:universal_block_remover":1,"minecraft:stone_pickaxe":7,"minecraft:redstone_block":2,"create_sa:zinc_axe":2,"minecraft:cooked_beef":3,"minecraft:red_dye":2,"minecraft:cooked_salmon":6,"minecraft:bucket":1,"minecraft:stone_axe":2,"minecraft:air":0,"create_sa:copper_boots":2,"minecraft:oak_boat":1,"securitycraft:door_indestructible_iron_item":2,"create_sa:zinc_shovel":2,"minecraft:wooden_axe":1,"minecraft:iron_shovel":1,"minecraft:torch":60,"create:zinc_ingot":41},"minecraft:custom":{"minecraft:interact_with_crafting_table":108,"minecraft:leave_game":7,"minecraft:time_since_death":51478,"minecraft:sprint_one_cm":896446,"minecraft:damage_blocked_by_shield":2235,"minecraft:drop":254,"minecraft:play_time":451980,"minecraft:deaths":9,"minecraft:jump":5364,"minecraft:walk_on_water_one_cm":57299,"minecraft:interact_with_furnace":48,"minecraft:damage_dealt":15261,"minecraft:player_kills":8,"minecraft:crouch_one_cm":93014,"minecraft:horse_one_cm":2787,"minecraft:mob_kills":89,"minecraft:interact_with_anvil":7,"minecraft:walk_one_cm":718952,"minecraft:sneak_time":70913,"minecraft:walk_under_water_one_cm":35511,"minecraft:boat_one_cm":117118,"minecraft:total_world_time":451980,"minecraft:time_since_rest":51572,"minecraft:damage_taken":9171,"minecraft:swim_one_cm":141396,"minecraft:fly_one_cm":828327,"minecraft:open_chest":179,"minecraft:fall_one_cm":196095},"minecraft:used":{"minecraft:iron_shovel":156,"minecraft:chest":4,"minecraft:shield":63,"minecraft:stone":38,"minecraft:iron_sword":78,"minecraft:mutton":9,"securitycraft:keypad_item":9,"minecraft:lava_bucket":33,"minecraft:birch_sapling":2,"minepop:minepop_obiwan_kenobi":1,"minecraft:item_frame":2,"securitycraft:universal_key_changer":12,"minecraft:bow":2,"minecraft:furnace":6,"minecraft:gold_block":1,"minecraft:stone_pickaxe":814,"minecraft:oak_planks":14,"minecraft:wooden_pickaxe":49,"securitycraft:keypad_frame":2,"securitycraft:universal_block_remover":7,"create_sa:zinc_pickaxe":270,"minecraft:dripstone_block":8,"create_sa:copper_boots":1,"minecraft:bread":1,"create_sa:copper_sword":36,"minecraft:oak_boat":1,"create_sa:copper_chestplate":1,"create_sa:zinc_axe":4,"minecraft:stone_sword":2,"securitycraft:keypad_chest":2,"securitycraft:keypad_door_item":4,"minecraft:cooked_salmon":6,"minecraft:cooked_chicken":104,"minecraft:torch":74,"minecraft:dirt":39,"minecraft:anvil":1,"securitycraft:reinforced_stone":607,"minecraft:wooden_axe":37,"minecraft:iron_axe":158,"minepop:randombox":4,"comforts:sleeping_bag_white":1,"minecraft:cooked_beef":3,"minecraft:cobbled_deepslate":62,"minecraft:cooked_mutton":3,"minecraft:water_bucket":28,"minecraft:birch_boat":5,"minecraft:crafting_table":11,"create_sa:copper_helmet":1,"minecraft:cod":4,"create_sa:copper_leggings":1,"minecraft:iron_pickaxe":785,"create_sa:zinc_shovel":21,"minecraft:stone_axe":22,"minecraft:cobblestone":76,"minecraft:cooked_porkchop":4,"minecraft:porkchop":1,"minecraft:bucket":63},"minecraft:dropped":{"minecraft:iron_sword":1,"minecraft:birch_planks":45,"minecraft:porkchop":42,"minecraft:cooked_beef":3,"minecraft:glow_ink_sac":6,"minecraft:diamond":18,"minecraft:crafting_table":1,"minecraft:cooked_porkchop":38,"minecraft:cod":8,"minecraft:item_frame":2,"minecraft:flint":1,"create_sa:zinc_shovel":1,"minecraft:dirt":35,"create_sa:copper_sword":1,"immersive_armors:wooden_leggings":3,"minecraft:mutton":90,"minecraft:sand":2,"minecraft:iron_pickaxe":1,"immersive_armors:wooden_chestplate":2,"minecraft:white_wool":21,"minecraft:gold_ingot":2,"minecraft:bone":7,"minecraft:gravel":19,"minecraft:stone_axe":6,"minecraft:cooked_chicken":31,"minecraft:cobbled_deepslate":10,"immersive_armors:wooden_boots":2,"minecraft:pointed_dripstone":18,"camera:image":2,"minecraft:rotten_flesh":6,"minecraft:oak_planks":4,"minepop:minepop_techno_blade":1,"minecraft:cooked_mutton":31,"create_sa:copper_helmet":2,"minecraft:salmon":11,"securitycraft:keypad_item":2,"minecraft:heavy_weighted_pressure_plate":2,"minecraft:birch_door":4,"camera:camera":6,"comforts:sleeping_bag_white":2,"minecraft:arrow":10,"minecraft:glass":18,"minecraft:beef":28,"create_sa:copper_leggings":1,"minecraft:bread":2,"minecraft:wheat_seeds":3,"tempad:tempad":7,"minecraft:lilac":1,"minecraft:dripstone_block":8,"minecraft:cobblestone":85,"minecraft:granite":5,"create_sa:zinc_pickaxe":1,"securitycraft:universal_owner_changer":1,"minecraft:coal":75,"minecraft:stick":15,"minecraft:gray_wool":3,"minecraft:diorite":5,"minecraft:torch":55,"minecraft:wooden_axe":1,"create_sa:copper_boots":1,"minecraft:cooked_salmon":6,"minecraft:iron_door":1,"minecraft:fire_charge":1,"minecraft:iron_axe":2,"minecraft:iron_shovel":2,"securitycraft:reinforced_stone":2,"create_sa:copper_chestplate":1,"minecraft:stone_sword":2,"minecraft:tuff":15,"minecraft:chicken":12,"minecraft:light_gray_wool":2,"minecraft:clay_ball":48,"create_sa:zinc_axe":1,"securitycraft:universal_block_remover":2,"minecraft:stone":32,"minecraft:shield":3,"minecraft:andesite":11,"minecraft:oak_sapling":10,"minecraft:birch_sign":1,"minecraft:birch_boat":2,"minecraft:stone_pickaxe":14,"minecraft:wooden_pickaxe":6,"minecraft:raw_gold":1,"securitycraft:universal_block_reinforcer_lvl1":1,"immersive_armors:wooden_helmet":3,"minecraft:black_wool":4},"minecraft:broken":{"minecraft:stone_pickaxe":3,"securitycraft:universal_block_reinforcer_lvl1":2,"create_sa:zinc_pickaxe":1,"minecraft:iron_pickaxe":2},"minecraft:killed":{"minecraft:spider":5,"minecraft:skeleton":20,"minecraft:skeleton_horse":3,"minecraft:pig":4,"minecraft:zombie_villager":1,"minecraft:salmon":1,"minecraft:creeper":1,"minecraft:sheep":10,"minecraft:zombie":18,"minecraft:cow":10,"minecraft:enderman":2},"minecraft:killed_by":{"minecraft:zombie":1,"minecraft:player":4,"minecraft:spider":1}},"DataVersion":2975}