{"stats":{"minecraft:killed":{"minecraft:zombified_piglin":1,"minecraft:spider":7,"minecraft:skeleton":35,"minecraft:chicken":2,"minecraft:skeleton_horse":3,"minecraft:pig":5,"minecraft:zombie_villager":2,"minecraft:salmon":2,"minecraft:creeper":3,"minecraft:sheep":10,"minecraft:zombie":36,"minecraft:cow":10,"minecraft:enderman":5},"minecraft:custom":{"minecraft:interact_with_crafting_table":125,"minecraft:leave_game":11,"minecraft:time_since_death":93003,"minecraft:sprint_one_cm":1301265,"minecraft:damage_blocked_by_shield":4020,"minecraft:drop":392,"minecraft:play_noteblock":4,"minecraft:play_time":634163,"minecraft:deaths":11,"minecraft:jump":8194,"minecraft:walk_on_water_one_cm":66386,"minecraft:interact_with_furnace":48,"minecraft:sleep_in_bed":3,"minecraft:damage_dealt":23745,"minecraft:player_kills":9,"minecraft:crouch_one_cm":115786,"minecraft:horse_one_cm":2787,"minecraft:interact_with_anvil":9,"minecraft:mob_kills":140,"minecraft:walk_one_cm":1011636,"minecraft:sneak_time":84245,"minecraft:walk_under_water_one_cm":39655,"minecraft:boat_one_cm":117118,"minecraft:total_world_time":634163,"minecraft:interact_with_stonecutter":1,"minecraft:time_since_rest":17885,"minecraft:damage_taken":13343,"minecraft:swim_one_cm":156656,"minecraft:fly_one_cm":1295540,"minecraft:open_chest":238,"minecraft:fall_one_cm":277106},"minecraft:picked_up":{"securitycraft:keypad_item":8,"minecraft:anvil":2,"minecraft:brewing_stand":1,"camera:camera":6,"securitycraft:universal_key_changer":2,"minecraft:string":4,"minecraft:raw_copper":364,"minecraft:cobbled_deepslate":331,"comforts:sleeping_bag_white":7,"minecraft:iron_pickaxe":1,"minecraft:furnace":3,"minecraft:stick":8,"minecraft:torch":95,"minecraft:porkchop":42,"minecraft:pointed_dripstone":13,"minecraft:diorite":14,"create_sa:zinc_pickaxe":1,"minecraft:stone_sword":3,"minepop:minepop_techno_blade":1,"minecraft:rotten_flesh":12,"minecraft:obsidian":2,"minecraft:cod":12,"minecraft:snowball":129,"minecraft:cobblestone":1335,"minecraft:nautilus_shell":1,"minecraft:birch_log":26,"minecraft:feather":15,"minecraft:lilac":1,"minecraft:water_bucket":1,"minecraft:andesite":34,"minecraft:flint":6,"minecraft:tuff":26,"create:raw_zinc":170,"minepop:minepop_spiderman":1,"minecraft:lapis_lazuli":59,"minecraft:dirt":219,"ftbic:tin_chunk":4,"minecraft:leather_boots":1,"securitycraft:reinforced_stone_button":69,"minecraft:glass":45,"minecraft:bone":25,"minecraft:stonecutter":1,"minecraft:bow":4,"minecraft:wheat_seeds":2,"minecraft:raw_gold":41,"minepop:minepop_steve":1,"camera:image":9,"minecraft:oak_planks":12,"securitycraft:mine":5,"minecraft:cooked_porkchop":5,"tempad:tempad":9,"minecraft:sand":187,"securitycraft:reinforced_stone":624,"securitycraft:universal_block_remover":3,"minecraft:diamond":43,"ftbic:uranium_chunk":2,"minecraft:granite":10,"minecraft:bread":1,"minecraft:oak_sapling":10,"minecraft:crafting_table":12,"minecraft:azure_bluet":2,"minecraft:chicken":10,"minecraft:clay_ball":48,"minecraft:wooden_pickaxe":2,"minecraft:gold_block":2,"minecraft:shield":1,"minecraft:heavy_weighted_pressure_plate":2,"minecraft:cornflower":3,"minecraft:iron_axe":2,"camera:image_frame":11,"minecraft:white_carpet":9,"minecraft:item_frame":4,"minecraft:iron_shovel":1,"minecraft:glass_pane":12,"minecraft:beef":21,"immersive_armors:wooden_leggings":2,"minecraft:poppy":3,"minecraft:light_gray_wool":2,"minepop:minepop_obiwan_kenobi":1,"minecraft:sugar_cane":15,"minecraft:chest":7,"minecraft:birch_sapling":4,"minecraft:raw_iron":182,"minecraft:stone":41,"minecraft:note_block":2,"minecraft:fire_charge":1,"minecraft:redstone":127,"minepop:minepop_princess_leia":1,"create:zinc_ingot":43,"ftbic:iridium_chunk":1,"immersive_armors:wooden_helmet":2,"minecraft:arrow":29,"minecraft:gold_ingot":2,"minecraft:mutton":97,"securitycraft:keypad_door_item":2,"minecraft:white_wool":23,"minecraft:oxeye_daisy":3,"minecraft:salmon":14,"securitycraft:universal_owner_changer":1,"minecraft:leather":9,"minecraft:yellow_dye":4,"minepop:minepop_dream":1,"minecraft:birch_planks":7,"minecraft:oak_log":74,"securitycraft:keypad_chest":2,"minecraft:gunpowder":6,"minecraft:paper":13,"minecraft:cooked_mutton":4,"minecraft:apple":1,"minecraft:stone_pickaxe":8,"minecraft:cooked_chicken":54,"securitycraft:universal_block_reinforcer_lvl1":1,"minecraft:iron_sword":1,"minecraft:birch_boat":3,"minecraft:pumpkin":1,"minecraft:dandelion":10,"minecraft:dripstone_block":26,"minecraft:gravel":19,"minecraft:blast_furnace":1,"minepop:randombox":2,"minecraft:spider_eye":1,"create_sa:zinc_helmet":1,"minecraft:stone_axe":3,"securitycraft:keypad_furnace":4,"immersive_armors:wooden_chestplate":1,"minecraft:iron_helmet":1,"minecraft:diamond_axe":1,"minecraft:gray_wool":2,"securitycraft:keypad":2,"minecraft:black_wool":2,"immersive_armors:wooden_boots":1,"minecraft:coal":449,"minecraft:ender_pearl":4},"minecraft:killed_by":{"minecraft:zombie":1,"minecraft:player":4,"minecraft:spider":1},"minecraft:crafted":{"minecraft:oak_planks":60,"create_sa:copper_chestplate":2,"minecraft:birch_boat":3,"minecraft:cooked_chicken":8,"minecraft:stone":802,"securitycraft:keypad_item":9,"minecraft:heavy_weighted_pressure_plate":10,"create_sa:zinc_pickaxe":2,"minecraft:cooked_mutton":30,"immersive_armors:wooden_chestplate":1,"securitycraft:laser_block":2,"minecraft:glass":34,"create_sa:zinc_handle":2,"create_sa:zinc_chestplate":1,"minecraft:chest":4,"minecraft:iron_door":3,"minecraft:birch_door":3,"immersive_armors:wooden_helmet":1,"minepop:randombox":2,"create_sa:zinc_leggings":1,"securitycraft:keypad_door_item":2,"create_sa:copper_leggings":2,"minecraft:item_frame":2,"minecraft:cooked_porkchop":37,"minecraft:crafting_table":7,"securitycraft:reinforced_stone_button":15,"minecraft:wooden_pickaxe":4,"immersive_armors:wooden_leggings":1,"minecraft:copper_ingot":94,"minecraft:birch_planks":104,"immersive_armors:wooden_boots":1,"minecraft:yellow_dye":10,"minecraft:shield":3,"minecraft:stick":108,"minecraft:iron_ingot":140,"minecraft:iron_pickaxe":4,"minecraft:gold_ingot":50,"minecraft:shears":1,"securitycraft:universal_block_reinforcer_lvl1":2,"comforts:sleeping_bag_white":1,"minecraft:furnace":7,"minecraft:stone_button":62,"minecraft:blast_furnace":3,"minecraft:bone_meal":9,"securitycraft:keypad_frame":2,"create_sa:copper_helmet":2,"minecraft:glass_pane":16,"minecraft:iron_axe":3,"securitycraft:universal_block_remover":1,"minecraft:stone_pickaxe":8,"create_sa:zinc_helmet":1,"minecraft:redstone_block":2,"create_sa:zinc_axe":2,"minecraft:cooked_beef":3,"minecraft:red_dye":2,"minecraft:cooked_salmon":6,"minecraft:bucket":1,"minecraft:stone_axe":2,"minecraft:air":0,"securitycraft:dirt_mine":5,"create_sa:copper_boots":2,"minecraft:oak_boat":1,"securitycraft:door_indestructible_iron_item":2,"create_sa:zinc_shovel":2,"minecraft:wooden_axe":1,"minecraft:iron_shovel":1,"minecraft:torch":60,"create:zinc_ingot":105,"create_sa:zinc_boots":1},"minecraft:broken":{"minecraft:stone_pickaxe":3,"securitycraft:universal_block_reinforcer_lvl1":2,"create_sa:zinc_pickaxe":1,"minecraft:iron_pickaxe":3},"minecraft:used":{"minecraft:iron_shovel":156,"minecraft:chest":4,"minecraft:shield":88,"minecraft:stone":38,"minecraft:iron_sword":78,"minecraft:mutton":9,"securitycraft:keypad_item":12,"minecraft:lava_bucket":55,"minecraft:birch_sapling":3,"minepop:minepop_obiwan_kenobi":1,"minecraft:item_frame":2,"securitycraft:universal_key_changer":12,"minecraft:bow":9,"minecraft:furnace":6,"minecraft:gold_block":1,"minecraft:stone_pickaxe":891,"minecraft:oak_planks":14,"minecraft:ender_pearl":3,"minecraft:wooden_pickaxe":52,"securitycraft:keypad_frame":2,"minecraft:diamond_axe":51,"minecraft:blast_furnace":3,"create_sa:zinc_pickaxe":270,"securitycraft:universal_block_remover":11,"minecraft:dripstone_block":8,"create_sa:copper_sword":73,"create_sa:copper_boots":1,"minecraft:bread":1,"minecraft:oak_boat":1,"create_sa:copper_chestplate":1,"camera:image_frame":4,"create_sa:zinc_axe":4,"minecraft:stone_sword":2,"securitycraft:keypad_chest":2,"securitycraft:keypad_door_item":4,"minecraft:cooked_salmon":6,"minecraft:cooked_chicken":158,"minecraft:torch":84,"minecraft:dirt":94,"minecraft:anvil":1,"securitycraft:reinforced_stone":607,"minecraft:wooden_axe":37,"minecraft:iron_axe":207,"minepop:randombox":4,"securitycraft:dirt_mine":5,"comforts:sleeping_bag_white":4,"minecraft:cooked_beef":3,"minecraft:cobbled_deepslate":101,"minecraft:cooked_mutton":3,"minecraft:water_bucket":44,"minecraft:birch_boat":5,"minecraft:crafting_table":13,"create_sa:copper_helmet":1,"minecraft:cod":4,"create_sa:copper_leggings":1,"minecraft:chicken":1,"minecraft:iron_pickaxe":1097,"create_sa:zinc_shovel":75,"minecraft:stone_axe":22,"minecraft:porkchop":1,"minecraft:cobblestone":101,"minecraft:cooked_porkchop":4,"minecraft:bucket":101,"securitycraft:keypad_furnace":4},"minecraft:mined":{"securitycraft:mine":5,"create:deepslate_zinc_ore":147,"minecraft:brewing_stand":1,"minecraft:granite":10,"minecraft:grass_block":62,"comforts:sleeping_bag_white":1,"ftbic:deepslate_tin_ore":2,"minecraft:tall_seagrass":3,"minepop:randombox":1,"minecraft:cobbled_deepslate":17,"minecraft:iron_ore":71,"minecraft:fire":3,"minepop:minepop_dream":1,"minecraft:pumpkin":1,"minecraft:deepslate_lapis_ore":11,"minecraft:anvil":2,"minecraft:dirt_path":1,"minepop:minepop_steve":1,"ftbic:deepslate_iridium_ore":1,"minecraft:deepslate_redstone_ore":29,"minecraft:note_block":2,"minecraft:torch":14,"minecraft:blast_furnace":1,"minepop:minepop_princess_leia":1,"minecraft:chest":1,"minecraft:cobblestone":41,"minecraft:oak_planks":13,"minecraft:wall_torch":23,"minecraft:deepslate_copper_ore":60,"minecraft:seagrass":2,"minecraft:birch_log":26,"minecraft:lilac":1,"minecraft:grass":27,"minecraft:oak_log":31,"minecraft:sand":118,"minecraft:dirt":51,"minecraft:stonecutter":1,"minecraft:oak_leaves":31,"minecraft:deepslate":312,"minepop:minepop_spiderman":1,"create:zinc_ore":24,"minecraft:tuff":11,"minecraft:deepslate_diamond_ore":34,"minecraft:glow_lichen":1,"minepop:minepop_obiwan_kenobi":1,"minecraft:furnace":2,"minecraft:snow":2,"minecraft:andesite":23,"minecraft:gold_block":1,"minecraft:deepslate_iron_ore":53,"minecraft:stone":1169,"minecraft:birch_pressure_plate":3,"minecraft:snow_block":32,"minecraft:crafting_table":11,"minecraft:tall_grass":5,"minecraft:copper_ore":7,"minecraft:deepslate_gold_ore":40,"minecraft:diorite":11,"ftbic:deepslate_uranium_ore":2,"minecraft:white_carpet":9,"minecraft:birch_leaves":18,"minecraft:coal_ore":152,"minecraft:gravel":27,"minecraft:dripstone_block":17},"minecraft:dropped":{"minecraft:iron_sword":1,"minecraft:birch_planks":45,"minecraft:porkchop":42,"minecraft:cooked_beef":3,"minecraft:glow_ink_sac":6,"minecraft:diamond":18,"minecraft:crafting_table":2,"minecraft:cooked_porkchop":38,"minecraft:cod":8,"minecraft:item_frame":2,"minecraft:flint":1,"minecraft:dirt":180,"create_sa:zinc_shovel":1,"create_sa:copper_sword":1,"minecraft:yellow_dye":6,"minecraft:cornflower":3,"immersive_armors:wooden_leggings":3,"minecraft:mutton":90,"minecraft:snowball":129,"minepop:minepop_princess_leia":1,"minecraft:sand":2,"minecraft:iron_pickaxe":1,"immersive_armors:wooden_chestplate":2,"minecraft:white_wool":21,"minecraft:bone":16,"minecraft:gold_ingot":2,"minecraft:gravel":19,"minecraft:note_block":2,"minecraft:stone_axe":7,"minecraft:cooked_chicken":37,"minecraft:cobbled_deepslate":34,"immersive_armors:wooden_boots":2,"ftbic:lead_chunk":17,"minecraft:birch_sapling":1,"minecraft:pointed_dripstone":28,"camera:image":6,"create_sa:zinc_helmet":1,"minecraft:rotten_flesh":15,"minecraft:oak_planks":4,"minepop:minepop_techno_blade":1,"minecraft:cooked_mutton":31,"minecraft:azure_bluet":2,"create_sa:copper_helmet":2,"minecraft:salmon":12,"securitycraft:keypad_item":2,"minecraft:poppy":3,"minecraft:gunpowder":2,"minecraft:heavy_weighted_pressure_plate":2,"minecraft:birch_door":4,"minecraft:chest":9,"camera:camera":6,"comforts:sleeping_bag_white":3,"minecraft:arrow":10,"minecraft:glass":18,"minecraft:beef":28,"create_sa:copper_leggings":1,"minecraft:bread":2,"minecraft:wheat_seeds":3,"tempad:tempad":7,"minepop:minepop_steve":1,"minecraft:lilac":1,"minecraft:dripstone_block":16,"ftbic:uranium_chunk":37,"minecraft:iron_helmet":1,"minecraft:feather":2,"minecraft:cobblestone":278,"minepop:minepop_spiderman":1,"minecraft:granite":10,"create_sa:zinc_pickaxe":2,"securitycraft:universal_owner_changer":1,"minecraft:coal":75,"minecraft:stick":27,"minepop:minepop_dream":1,"minecraft:oxeye_daisy":3,"minecraft:gray_wool":3,"minecraft:diorite":14,"minecraft:brewing_stand":1,"minecraft:torch":63,"minecraft:wooden_axe":1,"create_sa:copper_boots":1,"minecraft:cooked_salmon":6,"minecraft:iron_door":1,"minecraft:fire_charge":1,"minecraft:stonecutter":1,"minecraft:iron_axe":5,"minecraft:iron_shovel":2,"minecraft:paper":16,"minecraft:string":2,"create:raw_zinc":1,"securitycraft:reinforced_stone":2,"minecraft:furnace":1,"minecraft:anvil":1,"create_sa:copper_chestplate":1,"minecraft:stone_sword":3,"minecraft:tuff":26,"camera:image_frame":7,"minecraft:chicken":14,"minecraft:white_carpet":9,"minecraft:light_gray_wool":2,"minecraft:clay_ball":48,"create_sa:zinc_axe":1,"minecraft:blast_furnace":1,"securitycraft:universal_block_remover":2,"minecraft:stone":32,"minecraft:shield":4,"create:zinc_ingot":3,"minecraft:andesite":35,"minecraft:oak_sapling":10,"minecraft:birch_sign":1,"minecraft:birch_boat":2,"minecraft:wooden_pickaxe":7,"minecraft:bow":3,"minecraft:stone_pickaxe":15,"minecraft:raw_gold":1,"securitycraft:universal_block_reinforcer_lvl1":1,"minecraft:nautilus_shell":1,"immersive_armors:wooden_helmet":3,"minecraft:black_wool":4}},"DataVersion":2975}