{"stats":{"minecraft:custom":{"minecraft:interact_with_crafting_table":76,"minecraft:leave_game":9,"minecraft:time_since_death":14950,"minecraft:sprint_one_cm":213129,"minecraft:damage_blocked_by_shield":324,"minecraft:drop":274,"minecraft:play_noteblock":2,"minecraft:play_time":514396,"minecraft:deaths":7,"minecraft:jump":2776,"minecraft:walk_on_water_one_cm":42250,"minecraft:interact_with_furnace":29,"minecraft:sleep_in_bed":3,"minecraft:damage_dealt":4756,"minecraft:player_kills":1,"minecraft:crouch_one_cm":2423,"minecraft:mob_kills":34,"minecraft:interact_with_anvil":1,"minecraft:walk_one_cm":1025927,"minecraft:sneak_time":1053,"minecraft:walk_under_water_one_cm":42513,"minecraft:boat_one_cm":38290,"minecraft:interact_with_blast_furnace":4,"minecraft:total_world_time":514396,"minecraft:tune_noteblock":25,"minecraft:interact_with_stonecutter":3,"minecraft:time_since_rest":14985,"minecraft:damage_taken":10402,"minecraft:swim_one_cm":4659,"minecraft:fly_one_cm":143752,"minecraft:open_chest":119,"minecraft:fall_one_cm":143028},"minecraft:picked_up":{"minecraft:wooden_axe":3,"minecraft:birch_door":2,"minecraft:iron_chestplate":1,"minecraft:anvil":1,"minecraft:lead":3,"minecraft:brewing_stand":1,"minecraft:golden_sword":1,"minecraft:string":3,"minecraft:raw_copper":221,"minecraft:smooth_stone_slab":12,"minecraft:iron_leggings":1,"minecraft:armor_stand":2,"minecraft:cobbled_deepslate":65,"minecraft:bucket":1,"minecraft:red_dye":8,"minecraft:rose_bush":9,"minecraft:furnace":1,"minecraft:iron_boots":1,"minecraft:stick":15,"minepop:minepop_black_panther":1,"minecraft:birch_trapdoor":8,"minecraft:torch":67,"minecraft:porkchop":9,"minecraft:pointed_dripstone":14,"minecraft:diorite":7,"minepop:minepop_yoda":3,"minecraft:cauldron":1,"minecraft:stone_sword":2,"minepop:minepop_techno_blade":12,"minecraft:rotten_flesh":5,"create_sa:copper_leggings":1,"minecraft:iron_bars":1,"minecraft:cobblestone":479,"minecraft:birch_log":48,"minecraft:feather":18,"minecraft:lilac":4,"minecraft:brown_wool":2,"minecraft:flint":1,"minecraft:magenta_dye":52,"minecraft:tuff":6,"securitycraft:keypad_trapdoor":1,"minepop:minepop_spiderman":8,"minecraft:lapis_lazuli":8,"minecraft:dirt":224,"minecraft:bone":6,"minecraft:wheat_seeds":3,"minecraft:raw_gold":10,"minepop:minepop_steve":2,"camera:image":11,"minecraft:oak_planks":2,"create_sa:copper_sword":6,"minecraft:cooked_porkchop":3,"minepop:minepop_creeper":1,"minepop:minepop_asuna":1,"tempad:tempad":4,"minecraft:grass_block":65,"securitycraft:reinforced_stone":351,"minecraft:lily_of_the_valley":9,"securitycraft:universal_block_remover":3,"create_sa:copper_boots":2,"minecraft:diamond":3,"comforts:sleeping_bag_blue":3,"ftbic:uranium_chunk":11,"minecraft:granite":2,"minecraft:oak_sapling":2,"minecraft:crafting_table":5,"minecraft:chicken":5,"minecraft:wooden_pickaxe":2,"minepop:minepop_eugeo":1,"minecraft:shield":1,"minecraft:wooden_sword":3,"camera:image_frame":9,"minecraft:white_carpet":5,"minecraft:glass_pane":12,"create_sa:copper_chestplate":1,"minecraft:beef":12,"minepop:minepop_ld_shadow_lady":1,"immersive_armors:wooden_leggings":1,"minecraft:poppy":2,"minepop:minepop_obiwan_kenobi":1,"minecraft:chest":5,"minecraft:birch_sapling":7,"minecraft:egg":9,"minecraft:raw_iron":33,"minecraft:stone":37,"minecraft:note_block":2,"minepop:minepop_captain_america":1,"minecraft:redstone":19,"minepop:minepop_princess_leia":3,"minecraft:arrow":2,"minecraft:hay_block":25,"minecraft:mutton":10,"minecraft:white_wool":4,"minepop:minepop_palpatine":1,"minecraft:leather":10,"minepop:minepop_kirito":1,"minepop:minepop_dream":3,"minecraft:birch_planks":10,"create_sa:copper_helmet":1,"minecraft:oak_log":33,"minecraft:yellow_bed":1,"minecraft:paper":6,"minecraft:birch_pressure_plate":9,"minecraft:cooked_mutton":23,"minecraft:apple":1,"minecraft:kelp":1,"minecraft:stone_pickaxe":1,"minecraft:cooked_chicken":20,"minecraft:pumpkin":2,"minecraft:dripstone_block":56,"minecraft:gravel":24,"minecraft:amethyst_shard":12,"minepop:randombox":2,"minecraft:white_bed":4,"minecraft:spider_eye":2,"minepop:minepop_thor":1,"travelersbackpack:standard":3,"minecraft:stone_axe":1,"minecraft:iron_helmet":2,"minecraft:birch_sign":2,"minecraft:gray_wool":1,"minepop:minepop_skeleton":1,"securitycraft:keypad":2,"securitycraft:door_indestructible_iron_item":3,"minecraft:coal":142},"minecraft:mined":{"minepop:minepop_asuna":1,"minecraft:white_bed":4,"minecraft:brewing_stand":1,"minecraft:granite":1,"minecraft:grass_block":31,"comforts:sleeping_bag_blue":1,"minepop:randombox":2,"minecraft:iron_ore":11,"minecraft:fire":2,"minepop:minepop_dream":3,"minecraft:pumpkin":2,"minecraft:anvil":1,"minecraft:pointed_dripstone":5,"minecraft:dirt_path":2,"minepop:minepop_palpatine":1,"minecraft:birch_wall_sign":2,"minepop:minepop_steve":1,"minecraft:deepslate_redstone_ore":2,"minepop:minepop_skeleton":1,"minecraft:torch":8,"minecraft:note_block":2,"minepop:minepop_princess_leia":3,"minecraft:chest":3,"minecraft:white_stained_glass_pane":1,"minecraft:cobblestone":14,"minecraft:oak_planks":2,"minecraft:wall_torch":31,"minepop:minepop_techno_blade":12,"minecraft:cauldron":1,"minecraft:deepslate_copper_ore":30,"minecraft:birch_log":50,"minecraft:birch_trapdoor":7,"minecraft:lilac":4,"minecraft:birch_door":2,"minecraft:smooth_stone_slab":4,"minecraft:yellow_stained_glass_pane":1,"minecraft:grass":23,"minecraft:oak_log":29,"minecraft:dirt":23,"minecraft:oak_leaves":2,"minecraft:deepslate":1,"minepop:minepop_spiderman":8,"minepop:minepop_thor":1,"minecraft:tuff":2,"minecraft:deepslate_diamond_ore":1,"minecraft:glow_lichen":1,"minecraft:redstone_wire":1,"minepop:minepop_obiwan_kenobi":1,"minecraft:kelp":1,"minecraft:hay_block":25,"minecraft:furnace":1,"minecraft:gold_block":1,"minepop:minepop_yoda":3,"minecraft:deepslate_iron_ore":12,"minecraft:stone":279,"minecraft:birch_pressure_plate":3,"minepop:minepop_captain_america":1,"minecraft:glass_pane":1,"minecraft:lily_of_the_valley":9,"minecraft:crafting_table":5,"minecraft:rose_bush":9,"minepop:minepop_black_panther":1,"minecraft:copper_ore":23,"minecraft:deepslate_gold_ore":10,"minecraft:diorite":2,"minepop:minepop_eugeo":1,"minepop:minepop_kirito":1,"minecraft:white_carpet":5,"minecraft:birch_leaves":2,"minecraft:yellow_bed":1,"minepop:minepop_creeper":1,"minecraft:coal_ore":79,"minecraft:dripstone_block":1,"ftbic:uranium_ore":10,"minepop:minepop_ld_shadow_lady":1},"minecraft:broken":{"minecraft:stone_pickaxe":2,"minecraft:wooden_axe":1,"minecraft:iron_pickaxe":1},"minecraft:killed":{"minecraft:spider":3,"minecraft:skeleton":4,"minecraft:chicken":7,"minecraft:wolf":3,"minecraft:pig":3,"minecraft:sheep":6,"minecraft:trader_llama":1,"minecraft:zombie":3,"minecraft:cow":5,"minecraft:villager":1},"minecraft:crafted":{"minecraft:oak_planks":116,"securitycraft:mine":6,"minecraft:smooth_stone":3,"create_sa:copper_chestplate":2,"minecraft:cooked_chicken":5,"minecraft:stone":64,"minecraft:cooked_mutton":33,"immersive_armors:wooden_chestplate":1,"create_sa:zinc_handle":2,"minecraft:chest":2,"ftbic:lead_ingot":3,"immersive_armors:wooden_helmet":2,"minepop:randombox":6,"create_sa:zinc_leggings":1,"minecraft:magenta_dye":8,"minecraft:golden_sword":1,"travelersbackpack:coal":1,"minecraft:cooked_porkchop":23,"minecraft:crafting_table":1,"minecraft:iron_helmet":2,"immersive_armors:wooden_leggings":2,"minecraft:copper_ingot":50,"minecraft:birch_planks":120,"immersive_armors:wooden_boots":1,"minecraft:stick":28,"minecraft:iron_ingot":34,"minecraft:iron_pickaxe":2,"minecraft:stone_sword":2,"minecraft:gold_ingot":8,"minecraft:smooth_stone_slab":6,"comforts:sleeping_bag_white":1,"minecraft:bone_meal":12,"minecraft:white_carpet":9,"minecraft:flint_and_steel":1,"minecraft:stone_pickaxe":5,"comforts:sleeping_bag_blue":1,"minecraft:cooked_beef":59,"minecraft:sugar":4,"minecraft:red_dye":18,"ftbic:uranium_ingot":10,"minecraft:iron_sword":3,"minecraft:blue_dye":9,"create_sa:copper_boots":2,"minecraft:white_dye":9,"minecraft:birch_trapdoor":2,"ftbic:uranium_rod":1,"create_sa:copper_sword":4,"minecraft:armor_stand":4,"minecraft:note_block":2,"create:zinc_ingot":9},"minecraft:killed_by":{"minecraft:zombie":1,"minecraft:player":5},"minecraft:used":{"minepop:minepop_techno_blade":9,"minecraft:chest":7,"minecraft:shield":4,"minecraft:stone":10,"minecraft:birch_pressure_plate":3,"minecraft:mutton":6,"minepop:minepop_eugeo":1,"minecraft:grass_block":40,"minepop:minepop_black_panther":1,"minecraft:birch_sapling":1,"minecraft:birch_trapdoor":8,"minecraft:egg":8,"securitycraft:door_indestructible_iron_item":1,"minecraft:stone_pickaxe":331,"minecraft:oak_planks":3,"minecraft:wooden_pickaxe":9,"minepop:minepop_steve":1,"minepop:minepop_captain_america":1,"minecraft:blast_furnace":1,"create_sa:zinc_pickaxe":1,"securitycraft:universal_block_remover":145,"comforts:sleeping_bag_blue":3,"minecraft:note_block":2,"create_sa:copper_sword":130,"minepop:minepop_palpatine":1,"securitycraft:mine":15,"minecraft:birch_log":1,"minecraft:smooth_stone_slab":6,"camera:image_frame":5,"minepop:minepop_ld_shadow_lady":1,"minecraft:stone_sword":106,"minecraft:flint_and_steel":32,"minecraft:redstone":1,"minepop:minepop_quinella":1,"minecraft:cooked_chicken":66,"minecraft:torch":62,"minecraft:brewing_stand":1,"minecraft:dirt":12,"minecraft:anvil":1,"minecraft:white_carpet":14,"securitycraft:reinforced_stone":173,"minecraft:wooden_axe":35,"minepop:minepop_princess_leia":3,"minecraft:iron_axe":4,"minepop:randombox":6,"minecraft:beef":3,"minepop:minepop_creeper":1,"minecraft:cooked_beef":5,"minecraft:cooked_mutton":22,"minecraft:water_bucket":5,"minepop:minepop_yoda":2,"minecraft:amethyst_block":4,"minepop:minepop_skeleton":1,"minecraft:birch_planks":2,"minecraft:cauldron":1,"travelersbackpack:coal":2,"minecraft:stonecutter":1,"minecraft:crafting_table":3,"minepop:minepop_dream":3,"minecraft:white_bed":3,"minepop:minepop_spiderman":5,"minecraft:apple":1,"minecraft:iron_pickaxe":256,"minecraft:stone_axe":28,"minecraft:cobblestone":72,"minecraft:porkchop":7,"minecraft:cooked_porkchop":2,"minecraft:bucket":6},"minecraft:dropped":{"minecraft:iron_sword":2,"minecraft:birch_planks":25,"minecraft:diamond":4,"minecraft:cooked_porkchop":8,"minecraft:leather":5,"securitycraft:door_indestructible_iron_item":2,"minecraft:flint":1,"minecraft:dirt":153,"create_sa:copper_sword":9,"minecraft:cornflower":19,"immersive_armors:wooden_leggings":2,"minecraft:wooden_sword":1,"minecraft:iron_pickaxe":1,"immersive_armors:wooden_chestplate":1,"minecraft:white_wool":3,"minecraft:gravel":24,"minecraft:stone_axe":1,"minecraft:sugar_cane":14,"minecraft:cooked_chicken":4,"minecraft:cobbled_deepslate":27,"ftbic:lead_chunk":14,"minecraft:birch_sapling":6,"immersive_armors:wooden_boots":1,"minecraft:pointed_dripstone":6,"camera:image":1,"minecraft:rotten_flesh":5,"minecraft:oak_planks":117,"minepop:minepop_techno_blade":1,"minecraft:cooked_mutton":19,"minecraft:poppy":4,"camera:camera":1,"minecraft:white_dye":1,"minecraft:arrow":3,"minecraft:glass":6,"minecraft:egg":1,"minecraft:iron_ingot":8,"minecraft:wheat_seeds":1,"tempad:tempad":4,"minecraft:dripstone_block":47,"minecraft:feather":26,"minecraft:iron_helmet":2,"minecraft:cobblestone":181,"minecraft:granite":1,"minecraft:copper_ingot":2,"create_sa:zinc_pickaxe":1,"minecraft:stick":4,"minecraft:gray_wool":2,"minecraft:diorite":6,"minecraft:torch":9,"create_sa:copper_boots":2,"minecraft:wooden_axe":2,"minecraft:brown_wool":2,"minecraft:pumpkin":2,"minecraft:red_dye":10,"minecraft:paper":5,"minecraft:string":3,"securitycraft:reinforced_stone":1,"securitycraft:mine":2,"minecraft:stone_sword":3,"create_sa:copper_chestplate":1,"minecraft:smooth_stone_slab":6,"minecraft:raw_iron":7,"minepop:randombox":2,"minecraft:stone_shovel":1,"minecraft:chicken":1,"minecraft:birch_pressure_plate":9,"create_sa:zinc_axe":1,"minecraft:glass_pane":12,"securitycraft:universal_block_remover":3,"minecraft:oak_sapling":2,"minecraft:golden_sword":1,"minecraft:spider_eye":1,"minecraft:birch_boat":1,"securitycraft:universal_key_changer":1,"minecraft:stone_pickaxe":1,"minecraft:magenta_dye":38,"minecraft:wooden_pickaxe":1,"immersive_armors:wooden_helmet":1,"securitycraft:keypad":2}},"DataVersion":2975}