{"stats":{"minecraft:dropped":{"immersive_armors:wooden_leggings":1,"immersive_armors:wooden_helmet":1},"minecraft:custom":{"minecraft:time_since_rest":44494,"minecraft:sprint_one_cm":9327,"minecraft:interact_with_furnace":3,"minecraft:damage_taken":1300,"minecraft:walk_one_cm":116686,"minecraft:mob_kills":1,"minecraft:drop":2,"minecraft:damage_dealt":106,"minecraft:interact_with_crafting_table":18,"minecraft:fly_one_cm":6081,"minecraft:open_chest":11,"minecraft:play_time":64407,"minecraft:deaths":1,"minecraft:walk_under_water_one_cm":10449,"minecraft:jump":316,"minecraft:leave_game":1,"minecraft:walk_on_water_one_cm":1984,"minecraft:time_since_death":44444,"minecraft:total_world_time":64407,"minecraft:fall_one_cm":26233},"minecraft:mined":{"minepop:randombox":2,"minecraft:iron_ore":2,"minecraft:birch_log":43,"minecraft:birch_trapdoor":6,"minecraft:birch_leaves":2,"minecraft:coal_ore":9,"minecraft:grass_block":14,"minecraft:rose_bush":8,"minecraft:chest":2,"minecraft:dirt":4,"minecraft:cobblestone":2,"minecraft:copper_ore":4,"minecraft:stone":108,"minecraft:diorite":2,"minecraft:wall_torch":2},"minecraft:used":{"minecraft:cooked_mutton":1,"minecraft:wooden_axe":35,"minecraft:stone_sword":17,"minecraft:birch_planks":2,"minecraft:stone_pickaxe":131,"minecraft:birch_sapling":1,"minecraft:chest":4,"minecraft:wooden_pickaxe":9,"minecraft:cooked_chicken":12,"minepop:randombox":2,"minecraft:torch":7,"minecraft:birch_trapdoor":8,"minecraft:dirt":6,"minecraft:cobblestone":8},"minecraft:picked_up":{"minecraft:wooden_axe":1,"minecraft:birch_log":41,"minecraft:stick":3,"minecraft:raw_iron":2,"minecraft:birch_trapdoor":6,"minecraft:torch":2,"minecraft:wooden_pickaxe":1,"minecraft:dripstone_block":2,"minepop:randombox":2,"minecraft:pointed_dripstone":1,"minecraft:diorite":1,"minecraft:dirt":16,"minecraft:raw_copper":14,"minecraft:wooden_sword":1,"minecraft:rose_bush":8,"minecraft:coal":9,"minecraft:birch_sapling":1,"minecraft:chest":2,"minecraft:mutton":1,"minecraft:white_wool":1,"minecraft:cobblestone":113},"minecraft:killed":{"minecraft:sheep":1},"minecraft:crafted":{"immersive_armors:wooden_boots":1,"minecraft:smooth_stone":3,"minecraft:smooth_stone_slab":6,"minecraft:stick":4,"minecraft:birch_trapdoor":2,"minecraft:stone_pickaxe":1,"minecraft:stone_sword":1,"minecraft:chest":2,"immersive_armors:wooden_leggings":2,"minecraft:armor_stand":1,"immersive_armors:wooden_helmet":2,"minecraft:stone":3,"minepop:randombox":1,"minecraft:birch_planks":96,"minecraft:red_dye":16,"minecraft:cooked_mutton":1,"immersive_armors:wooden_chestplate":1},"minecraft:killed_by":{"minecraft:zombie":1},"minecraft:broken":{"minecraft:wooden_axe":1,"minecraft:stone_pickaxe":1}},"DataVersion":2975}