{"stats":{"minecraft:dropped":{"minecraft:iron_ingot":8,"minecraft:birch_planks":25,"tempad:tempad":2,"minecraft:diamond":4,"minecraft:dripstone_block":47,"minecraft:cooked_porkchop":8,"minecraft:feather":26,"minecraft:iron_helmet":2,"minecraft:cobblestone":181,"securitycraft:door_indestructible_iron_item":1,"minecraft:leather":5,"minecraft:granite":1,"minecraft:copper_ingot":2,"create_sa:zinc_pickaxe":1,"minecraft:stick":4,"minecraft:dirt":153,"minecraft:gray_wool":2,"minecraft:diorite":6,"minecraft:torch":1,"create_sa:copper_sword":3,"minecraft:cornflower":19,"immersive_armors:wooden_leggings":2,"minecraft:wooden_axe":2,"create_sa:copper_boots":2,"minecraft:brown_wool":2,"minecraft:wooden_sword":1,"minecraft:pumpkin":2,"minecraft:red_dye":10,"minecraft:iron_pickaxe":1,"immersive_armors:wooden_chestplate":1,"minecraft:string":3,"minecraft:white_wool":3,"minecraft:gravel":24,"minecraft:stone_axe":1,"minecraft:sugar_cane":14,"minecraft:cooked_chicken":4,"create_sa:copper_chestplate":1,"minecraft:stone_sword":2,"minecraft:cobbled_deepslate":27,"minecraft:smooth_stone_slab":6,"minecraft:pointed_dripstone":6,"minecraft:birch_sapling":6,"immersive_armors:wooden_boots":1,"minecraft:stone_shovel":1,"minecraft:raw_iron":7,"minepop:randombox":2,"minecraft:chicken":1,"minecraft:birch_pressure_plate":9,"minecraft:rotten_flesh":2,"minecraft:oak_planks":117,"minepop:minepop_techno_blade":1,"create_sa:zinc_axe":1,"minecraft:cooked_mutton":2,"minecraft:glass_pane":12,"securitycraft:universal_block_remover":2,"minecraft:oak_sapling":2,"minecraft:golden_sword":1,"minecraft:spider_eye":1,"minecraft:white_dye":1,"minecraft:wooden_pickaxe":1,"minecraft:birch_boat":1,"minecraft:arrow":3,"minecraft:magenta_dye":38,"minecraft:glass":6,"minecraft:stone_pickaxe":1,"immersive_armors:wooden_helmet":1},"minecraft:killed":{"minecraft:spider":3,"minecraft:skeleton":3,"minecraft:chicken":6,"minecraft:wolf":3,"minecraft:pig":3,"minecraft:sheep":6,"minecraft:trader_llama":1,"minecraft:zombie":1,"minecraft:cow":4},"minecraft:picked_up":{"minecraft:wooden_axe":3,"minecraft:birch_door":2,"minecraft:crafting_table":3,"minecraft:iron_chestplate":1,"minecraft:chicken":5,"minecraft:anvil":1,"minecraft:lead":3,"minecraft:wooden_pickaxe":2,"minepop:minepop_eugeo":1,"minecraft:golden_sword":1,"minecraft:shield":1,"minecraft:string":3,"minecraft:raw_copper":210,"minecraft:wooden_sword":3,"minecraft:smooth_stone_slab":12,"minecraft:iron_leggings":1,"minecraft:armor_stand":2,"minecraft:glass_pane":12,"create_sa:copper_chestplate":1,"minecraft:cobbled_deepslate":39,"minepop:minepop_ld_shadow_lady":1,"minecraft:beef":9,"minecraft:red_dye":8,"immersive_armors:wooden_leggings":1,"minecraft:rose_bush":9,"minepop:minepop_obiwan_kenobi":1,"minecraft:chest":3,"minecraft:birch_sapling":7,"minecraft:iron_boots":1,"minecraft:egg":5,"minecraft:stick":15,"minecraft:raw_iron":33,"minepop:minepop_black_panther":1,"minecraft:birch_trapdoor":8,"minecraft:torch":42,"minepop:minepop_captain_america":1,"minecraft:porkchop":9,"minecraft:pointed_dripstone":13,"minecraft:diorite":7,"minecraft:redstone":19,"minepop:minepop_yoda":2,"minepop:minepop_princess_leia":1,"minepop:minepop_techno_blade":10,"minecraft:stone_sword":1,"minecraft:arrow":2,"minecraft:rotten_flesh":2,"create_sa:copper_leggings":1,"minecraft:mutton":10,"minecraft:iron_bars":1,"minecraft:white_wool":4,"minecraft:cobblestone":386,"minecraft:birch_log":48,"minecraft:feather":18,"minecraft:lilac":4,"minepop:minepop_palpatine":1,"minecraft:brown_wool":2,"minecraft:leather":8,"create_sa:copper_helmet":1,"minepop:minepop_kirito":1,"minepop:minepop_dream":2,"minecraft:birch_planks":10,"minecraft:magenta_dye":52,"minecraft:tuff":6,"minecraft:oak_log":33,"minecraft:lapis_lazuli":8,"minepop:minepop_spiderman":8,"minecraft:dirt":200,"minecraft:birch_pressure_plate":9,"minecraft:cooked_mutton":15,"minecraft:bone":6,"minecraft:apple":1,"minecraft:wheat_seeds":1,"minecraft:raw_gold":4,"minecraft:cooked_chicken":1,"camera:image":1,"minecraft:oak_planks":2,"minepop:minepop_creeper":1,"minecraft:cooked_porkchop":3,"minecraft:pumpkin":2,"minepop:minepop_asuna":1,"minecraft:dripstone_block":56,"tempad:tempad":3,"minecraft:gravel":24,"minepop:randombox":2,"securitycraft:reinforced_stone":160,"minecraft:lily_of_the_valley":9,"securitycraft:universal_block_remover":1,"minecraft:spider_eye":2,"travelersbackpack:standard":3,"minepop:minepop_thor":1,"create_sa:copper_boots":2,"minecraft:diamond":3,"minecraft:stone_axe":1,"minecraft:iron_helmet":2,"minecraft:granite":2,"minecraft:birch_sign":2,"minecraft:gray_wool":1,"minepop:minepop_skeleton":1,"minecraft:oak_sapling":2,"securitycraft:door_indestructible_iron_item":2,"minecraft:coal":76},"minecraft:broken":{"minecraft:stone_pickaxe":2,"minecraft:wooden_axe":1},"minecraft:custom":{"minecraft:interact_with_anvil":1,"minecraft:mob_kills":27,"minecraft:interact_with_crafting_table":51,"minecraft:leave_game":4,"minecraft:time_since_death":100519,"minecraft:sprint_one_cm":147895,"minecraft:walk_one_cm":701064,"minecraft:damage_blocked_by_shield":324,"minecraft:drop":200,"minecraft:play_time":313219,"minecraft:deaths":6,"minecraft:sneak_time":95,"minecraft:walk_under_water_one_cm":27970,"minecraft:boat_one_cm":38290,"minecraft:jump":2103,"minecraft:walk_on_water_one_cm":28882,"minecraft:total_world_time":313219,"minecraft:interact_with_furnace":29,"minecraft:time_since_rest":100554,"minecraft:damage_taken":7984,"minecraft:damage_dealt":3835,"minecraft:player_kills":1,"minecraft:fly_one_cm":117415,"minecraft:open_chest":43,"minecraft:fall_one_cm":114882},"minecraft:crafted":{"minecraft:oak_planks":116,"minecraft:smooth_stone":3,"minecraft:smooth_stone_slab":6,"create_sa:copper_chestplate":2,"minecraft:cooked_chicken":5,"minecraft:stone":64,"minecraft:cooked_mutton":28,"minecraft:flint_and_steel":1,"immersive_armors:wooden_chestplate":1,"create_sa:zinc_handle":2,"minecraft:stone_pickaxe":4,"minecraft:chest":2,"immersive_armors:wooden_helmet":2,"minepop:randombox":5,"create_sa:zinc_leggings":1,"minecraft:magenta_dye":8,"minecraft:golden_sword":1,"minecraft:red_dye":18,"minecraft:cooked_porkchop":8,"minecraft:crafting_table":1,"minecraft:iron_helmet":2,"immersive_armors:wooden_leggings":2,"minecraft:copper_ingot":50,"minecraft:birch_planks":120,"immersive_armors:wooden_boots":1,"create_sa:copper_boots":2,"minecraft:white_dye":9,"minecraft:stick":28,"minecraft:iron_ingot":27,"minecraft:iron_pickaxe":2,"minecraft:birch_trapdoor":2,"minecraft:stone_sword":2,"minecraft:gold_ingot":2,"create_sa:copper_sword":4,"minecraft:armor_stand":4,"create:zinc_ingot":9},"minecraft:used":{"minecraft:stone_sword":106,"minecraft:flint_and_steel":29,"minecraft:redstone":1,"minepop:minepop_techno_blade":7,"minecraft:chest":5,"minecraft:shield":4,"minecraft:stone":10,"minecraft:cooked_chicken":63,"minecraft:torch":42,"minecraft:dirt":12,"minecraft:mutton":6,"securitycraft:reinforced_stone":160,"minecraft:wooden_axe":35,"minecraft:iron_axe":4,"minecraft:birch_sapling":1,"minepop:randombox":5,"minecraft:birch_trapdoor":8,"minecraft:beef":3,"minecraft:egg":5,"minecraft:cooked_mutton":7,"securitycraft:door_indestructible_iron_item":1,"minecraft:stone_pickaxe":275,"minecraft:birch_planks":2,"minecraft:oak_planks":3,"minecraft:wooden_pickaxe":9,"minecraft:crafting_table":3,"securitycraft:universal_block_remover":5,"create_sa:zinc_pickaxe":1,"minepop:minepop_spiderman":4,"minecraft:apple":1,"create_sa:copper_sword":62,"minecraft:iron_pickaxe":246,"minecraft:stone_axe":28,"minecraft:cobblestone":69,"minecraft:cooked_porkchop":2,"minecraft:porkchop":7,"minecraft:birch_log":1,"minecraft:smooth_stone_slab":6},"minecraft:mined":{"minepop:minepop_thor":1,"minepop:minepop_asuna":1,"minecraft:tuff":2,"minecraft:deepslate_diamond_ore":1,"minecraft:glow_lichen":1,"minecraft:granite":1,"minecraft:grass_block":25,"minecraft:redstone_wire":1,"minepop:minepop_obiwan_kenobi":1,"minepop:randombox":2,"minecraft:fire":1,"minecraft:iron_ore":11,"minepop:minepop_dream":2,"minecraft:pumpkin":2,"minecraft:anvil":1,"minepop:minepop_yoda":2,"minecraft:gold_block":1,"minecraft:pointed_dripstone":4,"minecraft:deepslate_iron_ore":12,"minepop:minepop_palpatine":1,"minecraft:birch_wall_sign":2,"minecraft:stone":267,"minecraft:birch_pressure_plate":3,"minepop:minepop_captain_america":1,"minecraft:deepslate_redstone_ore":2,"minecraft:lily_of_the_valley":9,"minepop:minepop_skeleton":1,"minecraft:crafting_table":3,"minecraft:torch":3,"minepop:minepop_princess_leia":1,"minecraft:chest":3,"minecraft:rose_bush":9,"minepop:minepop_black_panther":1,"minecraft:copper_ore":23,"minecraft:cobblestone":13,"minecraft:deepslate_gold_ore":4,"minecraft:oak_planks":2,"minecraft:diorite":2,"minecraft:wall_torch":18,"minepop:minepop_techno_blade":10,"minecraft:deepslate_copper_ore":28,"minepop:minepop_eugeo":1,"minecraft:birch_log":50,"minepop:minepop_kirito":1,"minecraft:birch_trapdoor":7,"minecraft:lilac":4,"minecraft:birch_leaves":2,"minecraft:birch_door":2,"minepop:minepop_creeper":1,"minecraft:smooth_stone_slab":4,"minecraft:grass":16,"minecraft:oak_log":29,"minecraft:coal_ore":78,"minecraft:dripstone_block":1,"minecraft:dirt":20,"minepop:minepop_ld_shadow_lady":1,"minecraft:oak_leaves":2,"minecraft:deepslate":1,"minepop:minepop_spiderman":8},"minecraft:killed_by":{"minecraft:player":5,"minecraft:zombie":1}},"DataVersion":2975}