{"stats":{"minecraft:custom":{"minecraft:mob_kills":15,"minecraft:interact_with_anvil":1,"minecraft:interact_with_crafting_table":43,"minecraft:leave_game":3,"minecraft:time_since_death":155783,"minecraft:sprint_one_cm":42045,"minecraft:walk_one_cm":406706,"minecraft:drop":76,"minecraft:play_time":175746,"minecraft:deaths":1,"minecraft:sneak_time":65,"minecraft:walk_under_water_one_cm":26170,"minecraft:jump":1217,"minecraft:walk_on_water_one_cm":27474,"minecraft:total_world_time":175746,"minecraft:interact_with_furnace":22,"minecraft:time_since_rest":155833,"minecraft:damage_taken":3809,"minecraft:damage_dealt":2087,"minecraft:fly_one_cm":28355,"minecraft:open_chest":23,"minecraft:fall_one_cm":73057},"minecraft:crafted":{"minecraft:smooth_stone":3,"minecraft:smooth_stone_slab":6,"create_sa:copper_chestplate":2,"minecraft:stone":26,"minecraft:cooked_mutton":1,"immersive_armors:wooden_chestplate":1,"create_sa:zinc_handle":2,"minecraft:stone_pickaxe":3,"minecraft:chest":2,"immersive_armors:wooden_helmet":2,"minepop:randombox":5,"create_sa:zinc_leggings":1,"minecraft:magenta_dye":8,"minecraft:red_dye":18,"minecraft:crafting_table":1,"minecraft:iron_helmet":2,"immersive_armors:wooden_leggings":2,"minecraft:copper_ingot":44,"minecraft:birch_planks":96,"immersive_armors:wooden_boots":1,"create_sa:copper_boots":2,"minecraft:white_dye":9,"minecraft:stick":28,"minecraft:iron_ingot":27,"minecraft:iron_pickaxe":2,"minecraft:birch_trapdoor":2,"minecraft:stone_sword":1,"create_sa:copper_sword":2,"minecraft:armor_stand":4,"create:zinc_ingot":9},"minecraft:killed_by":{"minecraft:zombie":1},"minecraft:broken":{"minecraft:stone_pickaxe":2,"minecraft:wooden_axe":1},"minecraft:mined":{"minecraft:tuff":2,"minecraft:deepslate_diamond_ore":1,"minecraft:glow_lichen":1,"minecraft:granite":1,"minecraft:grass_block":18,"minecraft:redstone_wire":1,"minepop:randombox":2,"minecraft:iron_ore":11,"minecraft:pointed_dripstone":4,"minecraft:deepslate_iron_ore":12,"minecraft:stone":161,"minepop:minepop_captain_america":1,"minecraft:deepslate_redstone_ore":2,"minecraft:lily_of_the_valley":9,"minepop:minepop_skeleton":1,"minecraft:torch":3,"minecraft:chest":2,"minecraft:rose_bush":9,"minecraft:cobblestone":12,"minecraft:copper_ore":23,"minecraft:deepslate_gold_ore":4,"minecraft:oak_planks":1,"minecraft:diorite":2,"minecraft:wall_torch":5,"minepop:minepop_techno_blade":9,"minecraft:deepslate_copper_ore":28,"minecraft:birch_log":43,"minecraft:birch_trapdoor":7,"minecraft:lilac":4,"minecraft:birch_leaves":2,"minecraft:smooth_stone_slab":3,"minecraft:grass":10,"minecraft:coal_ore":68,"minecraft:dirt":6,"minecraft:deepslate":1,"minepop:minepop_spiderman":5},"minecraft:killed":{"minecraft:spider":3,"minecraft:skeleton":3,"minecraft:chicken":4,"minecraft:pig":3,"minecraft:sheep":1,"minecraft:cow":3},"minecraft:used":{"minecraft:stone_sword":83,"minepop:minepop_techno_blade":7,"minecraft:redstone":1,"minecraft:chest":4,"minecraft:cooked_chicken":52,"minecraft:torch":40,"minecraft:dirt":6,"minecraft:wooden_axe":35,"minecraft:birch_sapling":1,"minepop:randombox":5,"minecraft:birch_trapdoor":8,"minecraft:egg":1,"minecraft:cooked_mutton":1,"minecraft:birch_planks":2,"minecraft:stone_pickaxe":262,"minecraft:oak_planks":3,"minecraft:wooden_pickaxe":9,"minecraft:crafting_table":1,"minepop:minepop_spiderman":4,"create_sa:copper_sword":36,"minecraft:iron_pickaxe":90,"minecraft:cobblestone":68,"minecraft:smooth_stone_slab":6},"minecraft:dropped":{"minecraft:birch_planks":1,"tempad:tempad":1,"minecraft:iron_helmet":2,"minecraft:dirt":19,"create_sa:copper_sword":1,"immersive_armors:wooden_leggings":2,"create_sa:copper_boots":2,"minecraft:red_dye":8,"minecraft:iron_pickaxe":1,"minecraft:string":3,"minecraft:cooked_chicken":4,"create_sa:copper_chestplate":1,"minecraft:stone_sword":1,"minecraft:cobbled_deepslate":24,"minepop:randombox":2,"minecraft:raw_iron":7,"minecraft:rotten_flesh":2,"minepop:minepop_techno_blade":1,"securitycraft:universal_block_remover":1,"minecraft:arrow":2,"minecraft:magenta_dye":38,"immersive_armors:wooden_helmet":1},"minecraft:picked_up":{"minecraft:wooden_axe":1,"minecraft:chicken":4,"minecraft:lead":3,"minecraft:wooden_pickaxe":1,"minecraft:string":3,"minecraft:raw_copper":210,"minecraft:wooden_sword":1,"minecraft:smooth_stone_slab":8,"minecraft:armor_stand":2,"minecraft:cobbled_deepslate":36,"minecraft:beef":6,"minecraft:red_dye":8,"minecraft:rose_bush":9,"immersive_armors:wooden_leggings":1,"minecraft:chest":2,"minecraft:birch_sapling":1,"minecraft:egg":1,"minecraft:raw_iron":32,"minecraft:stick":5,"minecraft:birch_trapdoor":8,"minecraft:torch":29,"minepop:minepop_captain_america":1,"minecraft:porkchop":6,"minecraft:pointed_dripstone":7,"minecraft:diorite":1,"minecraft:redstone":19,"minepop:minepop_techno_blade":9,"minecraft:stone_sword":1,"minecraft:arrow":2,"minecraft:rotten_flesh":2,"minecraft:mutton":1,"minecraft:white_wool":1,"minecraft:cobblestone":187,"minecraft:birch_log":41,"minecraft:feather":3,"minecraft:lilac":4,"minecraft:leather":3,"minecraft:birch_planks":10,"minecraft:magenta_dye":52,"minecraft:tuff":3,"minepop:minepop_spiderman":5,"minecraft:lapis_lazuli":8,"minecraft:dirt":41,"minecraft:bone":6,"minecraft:wheat_seeds":1,"minecraft:raw_gold":4,"minecraft:cooked_chicken":1,"minecraft:oak_planks":1,"minecraft:dripstone_block":9,"tempad:tempad":1,"minepop:randombox":2,"minecraft:lily_of_the_valley":9,"minecraft:spider_eye":1,"create_sa:copper_boots":1,"minecraft:diamond":1,"minecraft:iron_helmet":1,"minecraft:granite":1,"minepop:minepop_skeleton":1,"minecraft:coal":67}},"DataVersion":2975}