{"stats":{"minecraft:custom":{"minecraft:mob_kills":72,"minecraft:interact_with_crafting_table":50,"minecraft:leave_game":6,"minecraft:time_since_death":199215,"minecraft:sprint_one_cm":437150,"minecraft:walk_one_cm":448123,"minecraft:drop":52,"minecraft:play_time":199215,"minecraft:sneak_time":5510,"minecraft:walk_under_water_one_cm":10840,"minecraft:boat_one_cm":12183,"minecraft:jump":2123,"minecraft:walk_on_water_one_cm":28454,"minecraft:total_world_time":199215,"minecraft:interact_with_furnace":16,"minecraft:time_since_rest":199215,"minecraft:damage_taken":1969,"minecraft:damage_dealt":5132,"minecraft:swim_one_cm":17969,"minecraft:fly_one_cm":210934,"minecraft:open_chest":95,"minecraft:crouch_one_cm":16817,"minecraft:fall_one_cm":46751},"minecraft:crafted":{"minecraft:wooden_sword":1,"minecraft:oak_planks":112,"minecraft:smooth_stone":5,"minecraft:smooth_stone_slab":18,"minecraft:furnace":2,"minecraft:stone":5,"minecraft:stone_pickaxe":2,"minecraft:chest":2,"minecraft:birch_door":3,"minepop:randombox":16,"minecraft:magenta_dye":70,"minecraft:birch_sign":3,"minecraft:red_dye":66,"minecraft:crafting_table":2,"minecraft:wooden_pickaxe":1,"minecraft:birch_pressure_plate":4,"minecraft:birch_planks":28,"minecraft:stone_axe":1,"minecraft:air":0,"minecraft:yellow_dye":13,"minecraft:stick":128,"minecraft:iron_ingot":4,"minecraft:iron_pickaxe":1,"minecraft:wooden_axe":2,"minecraft:stone_sword":1,"minecraft:armor_stand":18,"minecraft:torch":16},"minecraft:broken":{"minecraft:stone_sword":1,"minecraft:stone_pickaxe":1,"minecraft:stone_axe":1,"minecraft:iron_pickaxe":1},"minecraft:mined":{"minepop:minepop_thor":3,"minecraft:grass_block":35,"minecraft:iron_ore":2,"minepop:minepop_dream":3,"minecraft:birch_wall_sign":3,"minecraft:stone":345,"minepop:minepop_captain_america":1,"minecraft:dandelion":13,"minecraft:torch":2,"minecraft:crafting_table":2,"minecraft:poppy":32,"minecraft:rose_bush":17,"minepop:minepop_black_panther":4,"minecraft:cobblestone":1,"minecraft:sugar_cane":8,"minecraft:wall_torch":10,"minepop:minepop_techno_blade":2,"minecraft:birch_planks":2,"minecraft:birch_log":24,"minecraft:birch_trapdoor":2,"minecraft:lilac":35,"minecraft:birch_leaves":7,"minecraft:grass":12,"minecraft:coal_ore":30,"minecraft:oak_log":81,"minecraft:sand":66,"minecraft:dirt":84,"minecraft:gravel":13,"minecraft:dripstone_block":13,"minepop:minepop_spiderman":7,"minecraft:oak_leaves":14},"minecraft:killed":{"minecraft:cod":5,"minecraft:skeleton":1,"minecraft:chicken":12,"minecraft:pig":21,"minecraft:salmon":10,"minecraft:sheep":16,"minecraft:cow":4},"minecraft:used":{"create_sa:zinc_axe":1,"minecraft:stone_sword":162,"minepop:minepop_techno_blade":3,"minecraft:chest":2,"minecraft:cooked_chicken":39,"minecraft:torch":20,"minecraft:dirt":62,"minecraft:birch_pressure_plate":4,"securitycraft:keypad_item":1,"minecraft:birch_door":2,"minecraft:wooden_axe":24,"minecraft:birch_sapling":3,"minepop:minepop_black_panther":4,"minepop:randombox":16,"minecraft:birch_trapdoor":2,"minecraft:furnace":2,"minecraft:egg":4,"immersive_armors:wooden_helmet":2,"minecraft:birch_planks":2,"minecraft:stone_pickaxe":158,"minecraft:wooden_pickaxe":20,"minepop:minepop_captain_america":1,"minecraft:crafting_table":4,"minepop:minepop_dream":3,"minecraft:birch_sign":5,"minepop:minepop_spiderman":7,"minecraft:oak_log":10,"minecraft:iron_pickaxe":254,"minecraft:stone_axe":134,"minecraft:cobblestone":44,"minepop:minepop_thor":3,"immersive_armors:wooden_leggings":2,"create_sa:copper_chestplate":1,"securitycraft:universal_owner_changer":1},"minecraft:dropped":{"minecraft:porkchop":37,"minecraft:wheat_seeds":1,"tempad:tempad":4,"minecraft:oak_log":43,"minecraft:feather":13,"securitycraft:universal_owner_changer":1,"minecraft:coal":24,"minecraft:cod":8,"minecraft:item_frame":2,"minecraft:flint":5,"minecraft:gold_block":1,"minecraft:gray_wool":1,"immersive_armors:wooden_leggings":2,"minecraft:mutton":21,"minecraft:wooden_axe":1,"minecraft:fire_charge":1,"minecraft:wooden_sword":1,"minecraft:sand":66,"minecraft:red_dye":8,"minecraft:iron_shovel":1,"minecraft:paper":5,"minecraft:white_wool":15,"minecraft:stone_axe":1,"minecraft:sugar_cane":15,"minecraft:stone_sword":2,"minecraft:raw_copper":78,"minecraft:obsidian":2,"camera:image":1,"minecraft:chicken":8,"minecraft:clay_ball":48,"minecraft:salmon":12,"securitycraft:universal_block_remover":1,"create:zinc_ingot":41,"minecraft:oak_sapling":6,"minecraft:stone_pickaxe":2,"minecraft:magenta_dye":32,"minecraft:wooden_pickaxe":2,"immersive_armors:wooden_helmet":2,"minecraft:black_wool":2},"minecraft:picked_up":{"minecraft:birch_door":1,"minecraft:crafting_table":3,"securitycraft:keypad_item":1,"minecraft:chicken":20,"minecraft:clay_ball":48,"minecraft:wooden_pickaxe":1,"minecraft:gold_block":1,"minecraft:shield":1,"minecraft:iron_axe":1,"create_sa:zinc_axe":1,"minecraft:cooked_salmon":6,"minecraft:item_frame":2,"minecraft:iron_shovel":1,"create_sa:copper_chestplate":1,"create_sa:zinc_shovel":1,"minecraft:smooth_stone":17,"minecraft:beef":28,"minecraft:red_dye":8,"minecraft:rose_bush":17,"immersive_armors:wooden_leggings":2,"minecraft:poppy":32,"minecraft:light_gray_wool":1,"minecraft:sugar_cane":15,"minecraft:birch_sapling":6,"minecraft:furnace":1,"minecraft:egg":4,"minecraft:raw_iron":2,"minecraft:stick":8,"minepop:minepop_black_panther":4,"minecraft:birch_trapdoor":2,"minecraft:torch":17,"minecraft:porkchop":74,"minepop:minepop_captain_america":1,"minecraft:fire_charge":1,"minecraft:pointed_dripstone":3,"minecraft:diorite":1,"create_sa:zinc_pickaxe":1,"create:zinc_ingot":41,"minecraft:stone_sword":2,"immersive_armors:wooden_helmet":2,"minepop:minepop_techno_blade":3,"create_sa:copper_leggings":1,"minecraft:mutton":60,"minecraft:obsidian":2,"minecraft:cod":8,"minecraft:cobblestone":338,"minecraft:white_wool":17,"minecraft:birch_log":26,"minecraft:cooked_beef":3,"minecraft:feather":20,"minecraft:lilac":35,"minecraft:salmon":16,"securitycraft:universal_owner_changer":1,"minecraft:leather":11,"create_sa:copper_helmet":1,"minecraft:birch_planks":2,"minepop:minepop_dream":3,"minecraft:flint":6,"minecraft:magenta_dye":18,"minecraft:oak_log":81,"minepop:minepop_spiderman":7,"minecraft:dirt":121,"minecraft:paper":5,"minecraft:cooked_mutton":15,"minecraft:bone":2,"minecraft:wheat_seeds":2,"minecraft:stone_pickaxe":3,"camera:image":1,"minecraft:cooked_porkchop":19,"minecraft:dandelion":13,"tempad:tempad":3,"minecraft:dripstone_block":11,"minecraft:gravel":11,"minecraft:sand":66,"securitycraft:universal_block_remover":1,"minepop:minepop_thor":3,"create_sa:copper_boots":1,"minecraft:stone_axe":1,"minecraft:birch_sign":4,"minecraft:gray_wool":3,"minecraft:oak_sapling":14,"minecraft:black_wool":4,"minecraft:coal":55}},"DataVersion":2975}