{"stats":{"minecraft:dropped":{"tempad:tempad":1,"minecraft:wooden_axe":1,"minecraft:wooden_sword":1,"minecraft:wooden_pickaxe":1},"minecraft:custom":{"minecraft:interact_with_furnace":9,"minecraft:mob_kills":17,"minecraft:interact_with_crafting_table":29,"minecraft:leave_game":2,"minecraft:time_since_death":94524,"minecraft:time_since_rest":94524,"minecraft:sprint_one_cm":132923,"minecraft:damage_taken":1720,"minecraft:walk_one_cm":194557,"minecraft:drop":4,"minecraft:damage_dealt":893,"minecraft:swim_one_cm":9256,"minecraft:fly_one_cm":93391,"minecraft:open_chest":45,"minecraft:crouch_one_cm":12738,"minecraft:play_time":94524,"minecraft:sneak_time":4400,"minecraft:walk_under_water_one_cm":4771,"minecraft:boat_one_cm":12183,"minecraft:jump":1188,"minecraft:walk_on_water_one_cm":9486,"minecraft:total_world_time":94524,"minecraft:fall_one_cm":31827},"minecraft:mined":{"minecraft:crafting_table":2,"minecraft:torch":2,"minecraft:grass_block":30,"minecraft:rose_bush":8,"minecraft:cobblestone":1,"minecraft:wall_torch":5,"minecraft:birch_planks":2,"minecraft:birch_log":24,"minecraft:iron_ore":2,"minepop:minepop_dream":1,"minecraft:birch_trapdoor":2,"minecraft:lilac":20,"minecraft:birch_leaves":7,"minecraft:grass":6,"minecraft:oak_log":38,"minecraft:coal_ore":30,"minecraft:dirt":76,"minecraft:gravel":13,"minecraft:dripstone_block":13,"minecraft:birch_wall_sign":3,"minecraft:stone":121,"minecraft:oak_leaves":2,"minepop:minepop_spiderman":1},"minecraft:used":{"minecraft:stone_sword":54,"minecraft:birch_planks":2,"minecraft:stone_pickaxe":155,"minecraft:chest":2,"minecraft:wooden_pickaxe":20,"minecraft:cooked_chicken":26,"minecraft:torch":12,"minecraft:dirt":49,"minecraft:birch_pressure_plate":4,"minecraft:crafting_table":4,"minepop:minepop_dream":1,"minecraft:birch_sign":5,"minepop:minepop_spiderman":1,"minecraft:birch_door":2,"minecraft:oak_log":10,"minecraft:wooden_axe":24,"minecraft:birch_sapling":3,"minecraft:birch_trapdoor":2,"minepop:randombox":2,"minecraft:stone_axe":72,"minecraft:cobblestone":44,"minecraft:furnace":2,"minecraft:egg":4,"immersive_armors:wooden_leggings":2,"immersive_armors:wooden_helmet":2},"minecraft:picked_up":{"minecraft:birch_log":26,"minecraft:crafting_table":2,"minecraft:feather":7,"minecraft:lilac":20,"minecraft:chicken":4,"minecraft:salmon":4,"minecraft:leather":4,"minepop:minepop_dream":1,"minecraft:birch_planks":2,"minecraft:flint":1,"minecraft:oak_log":38,"minepop:minepop_spiderman":1,"minecraft:dirt":108,"minecraft:bone":2,"minecraft:beef":4,"immersive_armors:wooden_leggings":1,"minecraft:rose_bush":8,"minecraft:birch_sapling":6,"minecraft:egg":4,"minecraft:stick":5,"minecraft:raw_iron":2,"minecraft:birch_trapdoor":2,"minecraft:torch":7,"minecraft:dripstone_block":11,"tempad:tempad":1,"minecraft:gravel":11,"minecraft:diorite":1,"immersive_armors:wooden_helmet":1,"minecraft:birch_sign":3,"minecraft:gray_wool":1,"minecraft:oak_sapling":1,"minecraft:mutton":4,"minecraft:coal":30,"minecraft:white_wool":2,"minecraft:cobblestone":119},"minecraft:killed":{"minecraft:salmon":4,"minecraft:skeleton":1,"minecraft:sheep":3,"minecraft:chicken":4,"minecraft:cow":2},"minecraft:crafted":{"minecraft:red_dye":16,"minecraft:wooden_sword":1,"minecraft:smooth_stone":5,"minecraft:oak_planks":80,"minecraft:smooth_stone_slab":6,"minecraft:crafting_table":2,"minecraft:wooden_pickaxe":1,"minecraft:birch_pressure_plate":4,"minecraft:furnace":2,"minecraft:stone":5,"minecraft:birch_planks":28,"minecraft:stone_axe":1,"minecraft:air":0,"minecraft:stick":36,"minecraft:stone_pickaxe":2,"minecraft:wooden_axe":2,"minecraft:stone_sword":1,"minecraft:chest":2,"minecraft:armor_stand":2,"minecraft:birch_door":3,"minepop:randombox":2,"minecraft:torch":16,"minecraft:magenta_dye":40,"minecraft:birch_sign":3},"minecraft:broken":{"minecraft:stone_pickaxe":1}},"DataVersion":2975}