{"stats":{"minecraft:killed":{"minecraft:cod":5,"minecraft:skeleton":1,"minecraft:chicken":12,"minecraft:pig":24,"minecraft:salmon":10,"minecraft:sheep":16,"minecraft:zombie":2,"minecraft:cow":4},"minecraft:custom":{"minecraft:mob_kills":77,"minecraft:interact_with_crafting_table":57,"minecraft:leave_game":9,"minecraft:time_since_death":275694,"minecraft:sprint_one_cm":600978,"minecraft:walk_one_cm":667179,"minecraft:damage_blocked_by_shield":15,"minecraft:drop":77,"minecraft:play_noteblock":1,"minecraft:play_time":275694,"minecraft:sneak_time":6200,"minecraft:walk_under_water_one_cm":12738,"minecraft:boat_one_cm":12183,"minecraft:jump":2901,"minecraft:interact_with_brewingstand":1,"minecraft:walk_on_water_one_cm":33674,"minecraft:total_world_time":275694,"minecraft:interact_with_furnace":16,"minecraft:tune_noteblock":66,"minecraft:interact_with_stonecutter":1,"minecraft:sleep_in_bed":1,"minecraft:time_since_rest":17823,"minecraft:damage_taken":2598,"minecraft:damage_dealt":5029,"minecraft:swim_one_cm":18783,"minecraft:fly_one_cm":275307,"minecraft:player_kills":1,"minecraft:open_chest":115,"minecraft:crouch_one_cm":19027,"minecraft:fall_one_cm":60679},"minecraft:picked_up":{"minecraft:anvil":1,"minecraft:crafting_table":3,"minecraft:birch_door":1,"minecraft:azure_bluet":60,"securitycraft:keypad_item":1,"minecraft:chicken":20,"minecraft:clay_ball":48,"minecraft:wooden_pickaxe":1,"minecraft:gold_block":1,"minecraft:brewing_stand":1,"minecraft:shield":1,"create_sa:zinc_axe":4,"minecraft:iron_axe":1,"minecraft:cooked_salmon":6,"camera:image_frame":8,"minecraft:white_carpet":9,"minecraft:item_frame":2,"minecraft:iron_shovel":1,"create_sa:copper_chestplate":1,"create_sa:zinc_shovel":1,"minecraft:cobbled_deepslate":2,"minecraft:smooth_stone":17,"comforts:sleeping_bag_white":1,"minecraft:beef":28,"minecraft:red_dye":8,"minecraft:rose_bush":17,"immersive_armors:wooden_leggings":2,"minecraft:poppy":74,"minecraft:light_gray_wool":1,"minepop:minepop_obiwan_kenobi":1,"minecraft:sugar_cane":15,"minecraft:birch_sapling":6,"minecraft:furnace":1,"minecraft:egg":4,"minecraft:stick":8,"minecraft:raw_iron":27,"minepop:minepop_black_panther":4,"minecraft:birch_trapdoor":2,"minecraft:torch":23,"minecraft:note_block":3,"minepop:minepop_captain_america":2,"minecraft:fire_charge":1,"minecraft:porkchop":82,"minecraft:pointed_dripstone":6,"minecraft:diorite":1,"create_sa:zinc_pickaxe":1,"minecraft:redstone":53,"minepop:minepop_yoda":1,"minepop:minepop_princess_leia":1,"create:zinc_ingot":41,"minecraft:stone_sword":2,"immersive_armors:wooden_helmet":2,"minepop:minepop_techno_blade":3,"minecraft:rotten_flesh":1,"minecraft:peony":6,"create_sa:copper_leggings":1,"minecraft:obsidian":2,"minecraft:mutton":60,"minecraft:cod":8,"minecraft:white_wool":17,"minecraft:cobblestone":339,"minecraft:birch_log":26,"minecraft:cooked_beef":3,"minecraft:feather":20,"minecraft:lilac":35,"minecraft:salmon":16,"securitycraft:universal_owner_changer":1,"minecraft:leather":11,"minepop:minepop_kirito":1,"minepop:minepop_dream":4,"minecraft:birch_planks":2,"create_sa:copper_helmet":1,"minecraft:magenta_dye":18,"minecraft:flint":6,"minecraft:oak_log":81,"minepop:minepop_spiderman":8,"minecraft:dirt":155,"minecraft:paper":5,"minecraft:cooked_mutton":15,"minecraft:bone":2,"minecraft:stonecutter":1,"minecraft:wheat_seeds":2,"minecraft:raw_gold":1,"minepop:minepop_steve":1,"minecraft:stone_pickaxe":3,"camera:image":6,"minecraft:cooked_porkchop":19,"minecraft:dandelion":28,"minecraft:dripstone_block":12,"tempad:tempad":3,"minecraft:gravel":11,"minecraft:sand":66,"minecraft:blast_furnace":1,"minecraft:white_bed":2,"securitycraft:universal_block_remover":1,"minepop:minepop_thor":3,"travelersbackpack:standard":2,"create_sa:copper_boots":1,"minecraft:stone_axe":1,"minecraft:birch_sign":4,"minecraft:gray_wool":3,"minecraft:oak_sapling":14,"minecraft:black_wool":4,"minecraft:coal":71},"minecraft:crafted":{"minecraft:wooden_sword":1,"minecraft:smooth_stone":5,"minecraft:oak_planks":112,"minecraft:smooth_stone_slab":18,"minecraft:furnace":2,"minecraft:stone":5,"minecraft:pink_dye":12,"minecraft:iron_boots":1,"minecraft:stone_pickaxe":2,"minecraft:chest":2,"minecraft:birch_door":3,"minepop:randombox":20,"minecraft:magenta_dye":70,"minecraft:birch_sign":3,"minecraft:red_dye":108,"minecraft:crafting_table":2,"minecraft:iron_helmet":1,"minecraft:wooden_pickaxe":1,"minecraft:birch_pressure_plate":4,"minecraft:birch_planks":28,"minecraft:stone_axe":1,"minecraft:air":0,"minecraft:iron_chestplate":1,"minecraft:yellow_dye":13,"minecraft:stick":188,"minecraft:iron_ingot":4,"minecraft:iron_pickaxe":2,"minecraft:wooden_axe":2,"minecraft:stone_sword":1,"minecraft:iron_leggings":1,"minecraft:light_gray_dye":60,"minecraft:armor_stand":22,"minecraft:torch":16},"minecraft:broken":{"minecraft:stone_sword":1,"minecraft:stone_pickaxe":1,"minecraft:stone_axe":1,"minecraft:iron_pickaxe":1},"minecraft:used":{"camera:image_frame":5,"minepop:minepop_ld_shadow_lady":1,"create_sa:zinc_axe":51,"minecraft:stone_sword":162,"minepop:minepop_techno_blade":5,"minepop:minepop_quinella":1,"minecraft:chest":2,"minecraft:shield":1,"minecraft:cooked_chicken":47,"minecraft:torch":26,"minecraft:brewing_stand":1,"minecraft:dirt":95,"minecraft:birch_pressure_plate":4,"securitycraft:keypad_item":1,"minepop:minepop_eugeo":1,"minecraft:birch_door":2,"minecraft:wooden_axe":24,"minepop:minepop_princess_leia":1,"minepop:minepop_black_panther":5,"minecraft:birch_sapling":3,"minepop:minepop_obiwan_kenobi":1,"minepop:minepop_asuna":1,"minepop:randombox":20,"minecraft:birch_trapdoor":2,"minepop:minepop_creeper":1,"minecraft:furnace":2,"minecraft:egg":4,"immersive_armors:wooden_helmet":2,"minecraft:cooked_mutton":11,"minepop:minepop_yoda":2,"minepop:minepop_skeleton":1,"minecraft:birch_planks":2,"minecraft:stone_pickaxe":158,"minepop:minepop_steve":1,"minecraft:wooden_pickaxe":20,"minecraft:stonecutter":1,"minepop:minepop_kirito":2,"minepop:minepop_captain_america":3,"minecraft:crafting_table":4,"minepop:minepop_dream":5,"minecraft:blast_furnace":1,"minecraft:birch_sign":5,"minecraft:white_bed":1,"minepop:minepop_spiderman":11,"minecraft:note_block":3,"minecraft:oak_log":10,"minecraft:iron_pickaxe":314,"minepop:minepop_palpatine":1,"minecraft:stone_axe":134,"travelersbackpack:standard":5,"minecraft:cobblestone":44,"minepop:minepop_thor":4,"minecraft:cooked_porkchop":6,"immersive_armors:wooden_leggings":2,"create_sa:copper_chestplate":1,"securitycraft:universal_owner_changer":1},"minecraft:mined":{"minepop:minepop_thor":3,"minecraft:white_bed":1,"minecraft:grass_block":36,"minepop:minepop_obiwan_kenobi":1,"minecraft:iron_ore":26,"minepop:minepop_dream":3,"minecraft:azure_bluet":45,"minecraft:pointed_dripstone":1,"minecraft:deepslate_iron_ore":3,"minecraft:birch_wall_sign":3,"minecraft:stone":346,"minepop:minepop_captain_america":2,"minecraft:deepslate_redstone_ore":11,"minecraft:note_block":1,"minecraft:dandelion":20,"travelersbackpack:standard":2,"minecraft:crafting_table":2,"minecraft:torch":3,"minecraft:poppy":46,"minecraft:rose_bush":17,"minepop:minepop_black_panther":4,"minecraft:cobblestone":1,"minecraft:deepslate_gold_ore":1,"minecraft:sugar_cane":8,"minecraft:wall_torch":11,"minepop:minepop_techno_blade":2,"minecraft:birch_planks":2,"minecraft:birch_log":24,"minepop:minepop_kirito":1,"minecraft:birch_trapdoor":2,"minecraft:lilac":35,"minecraft:birch_leaves":8,"minecraft:grass":14,"minecraft:oak_log":81,"minecraft:coal_ore":46,"minecraft:sand":66,"minecraft:gravel":13,"minecraft:dripstone_block":14,"minecraft:dirt":85,"minecraft:deepslate":2,"minecraft:oak_leaves":14,"minepop:minepop_spiderman":7},"minecraft:dropped":{"create_sa:copper_leggings":1,"minecraft:porkchop":39,"minecraft:wheat_seeds":1,"tempad:tempad":4,"minecraft:oak_log":43,"minecraft:cooked_porkchop":13,"minecraft:feather":13,"securitycraft:universal_owner_changer":1,"minecraft:coal":24,"minecraft:cod":8,"minecraft:item_frame":2,"minecraft:flint":5,"minecraft:gold_block":1,"minecraft:gray_wool":1,"immersive_armors:wooden_leggings":2,"minecraft:mutton":21,"create_sa:copper_boots":1,"minecraft:wooden_axe":1,"minecraft:fire_charge":1,"minecraft:wooden_sword":1,"minecraft:iron_axe":1,"minecraft:sand":66,"minecraft:red_dye":8,"minecraft:iron_shovel":1,"minecraft:paper":5,"minecraft:white_wool":15,"minecraft:stone_axe":1,"minecraft:sugar_cane":15,"create_sa:copper_chestplate":1,"minecraft:stone_sword":2,"minecraft:raw_copper":78,"camera:image_frame":3,"camera:image":4,"minecraft:obsidian":2,"minecraft:chicken":8,"minecraft:clay_ball":48,"create_sa:zinc_axe":3,"minecraft:cooked_mutton":4,"create_sa:copper_helmet":1,"minecraft:salmon":12,"securitycraft:universal_block_remover":1,"create:zinc_ingot":41,"minecraft:oak_sapling":6,"comforts:sleeping_bag_white":1,"minecraft:wooden_pickaxe":2,"minecraft:stone_pickaxe":2,"minecraft:magenta_dye":32,"immersive_armors:wooden_helmet":2,"minecraft:black_wool":2}},"DataVersion":2975}