{"stats":{"minecraft:custom":{"minecraft:interact_with_crafting_table":61,"minecraft:leave_game":10,"minecraft:time_since_death":33921,"minecraft:sprint_one_cm":656340,"minecraft:damage_blocked_by_shield":15,"minecraft:drop":113,"minecraft:play_noteblock":1,"minecraft:play_time":337354,"minecraft:deaths":1,"minecraft:jump":3134,"minecraft:interact_with_brewingstand":1,"minecraft:walk_on_water_one_cm":38787,"minecraft:interact_with_furnace":16,"minecraft:sleep_in_bed":1,"minecraft:damage_dealt":5006,"minecraft:player_kills":3,"minecraft:crouch_one_cm":24783,"minecraft:mob_kills":77,"minecraft:walk_one_cm":793593,"minecraft:sneak_time":9332,"minecraft:walk_under_water_one_cm":13425,"minecraft:boat_one_cm":12183,"minecraft:total_world_time":337354,"minecraft:tune_noteblock":66,"minecraft:interact_with_stonecutter":1,"minecraft:time_since_rest":33949,"minecraft:damage_taken":4927,"minecraft:swim_one_cm":18783,"minecraft:fly_one_cm":287175,"minecraft:open_chest":151,"minecraft:fall_one_cm":85836},"minecraft:picked_up":{"minecraft:birch_door":3,"securitycraft:keypad_item":1,"minecraft:anvil":2,"camera:camera":1,"minecraft:brewing_stand":2,"minecraft:raw_copper":71,"minecraft:cooked_salmon":6,"minecraft:cobbled_deepslate":117,"minecraft:smooth_stone":17,"comforts:sleeping_bag_white":1,"minecraft:red_dye":8,"minecraft:rose_bush":17,"minecraft:furnace":1,"minecraft:stick":8,"minepop:minepop_black_panther":6,"minecraft:birch_trapdoor":2,"minecraft:torch":26,"minecraft:porkchop":82,"minecraft:pointed_dripstone":9,"minecraft:diorite":1,"create_sa:zinc_pickaxe":1,"minepop:minepop_yoda":3,"minecraft:stone_sword":2,"minepop:minepop_techno_blade":5,"minecraft:rotten_flesh":5,"create_sa:copper_leggings":1,"minecraft:obsidian":2,"minecraft:iron_bars":1,"minecraft:cod":8,"minecraft:cobblestone":340,"minecraft:birch_log":26,"minecraft:lilac":35,"minecraft:feather":20,"minecraft:cooked_beef":3,"minecraft:flint":8,"minecraft:magenta_dye":18,"create:raw_zinc":7,"minecraft:tuff":3,"minecraft:light_gray_dye":40,"minecraft:dirt":187,"minepop:minepop_spiderman":12,"ftbic:tin_chunk":5,"minecraft:bone":2,"minecraft:stonecutter":2,"minecraft:wheat_seeds":6,"minecraft:raw_gold":2,"minepop:minepop_steve":1,"camera:image":6,"minecraft:cooked_porkchop":19,"minepop:minepop_creeper":1,"minepop:minepop_asuna":1,"tempad:tempad":3,"minecraft:sand":66,"securitycraft:universal_block_remover":1,"create_sa:copper_boots":1,"ftbic:uranium_chunk":9,"minecraft:oak_sapling":14,"minecraft:crafting_table":3,"minecraft:azure_bluet":60,"minecraft:chicken":20,"minecraft:clay_ball":48,"minecraft:wooden_pickaxe":1,"minecraft:gold_block":1,"minepop:minepop_eugeo":1,"minecraft:shield":1,"minecraft:cornflower":1,"minecraft:iron_axe":1,"create_sa:zinc_axe":5,"minecraft:wooden_sword":1,"camera:image_frame":8,"minecraft:white_carpet":9,"minecraft:item_frame":2,"minecraft:iron_shovel":1,"create_sa:copper_chestplate":1,"create_sa:zinc_shovel":1,"minecraft:beef":28,"minepop:minepop_ld_shadow_lady":1,"immersive_armors:wooden_leggings":2,"minecraft:poppy":75,"minecraft:light_gray_wool":1,"minepop:minepop_obiwan_kenobi":2,"minecraft:sugar_cane":15,"minecraft:birch_sapling":6,"minecraft:egg":4,"minecraft:raw_iron":27,"minecraft:stone":65,"securitycraft:reinforced_cobblestone":4,"minecraft:copper_ingot":64,"minecraft:note_block":3,"minepop:minepop_captain_america":3,"minecraft:fire_charge":1,"minepop:minepop_superman":1,"minecraft:redstone":53,"minepop:minepop_princess_leia":2,"create:zinc_ingot":41,"immersive_armors:wooden_helmet":2,"minecraft:peony":6,"minecraft:mutton":60,"minecraft:white_wool":17,"minepop:minepop_quinella":1,"minecraft:salmon":16,"minepop:minepop_palpatine":1,"securitycraft:universal_owner_changer":1,"minecraft:leather":11,"minepop:minepop_kirito":2,"minecraft:birch_planks":2,"minepop:minepop_dream":7,"create_sa:copper_helmet":1,"minecraft:oak_log":81,"securitycraft:keypad_chest":2,"minecraft:paper":5,"minecraft:cooked_mutton":15,"minecraft:stone_pickaxe":4,"minecraft:tall_grass":1,"minecraft:iron_sword":1,"minecraft:dandelion":28,"minecraft:dripstone_block":14,"minecraft:gravel":26,"minecraft:blast_furnace":2,"minecraft:white_bed":2,"minepop:minepop_thor":4,"travelersbackpack:standard":2,"minecraft:stone_axe":1,"minecraft:birch_sign":4,"minecraft:gray_wool":5,"minepop:minepop_skeleton":2,"securitycraft:keypad":1,"minecraft:black_wool":4,"minecraft:coal":108},"minecraft:mined":{"minepop:minepop_quinella":1,"create:deepslate_zinc_ore":7,"minepop:minepop_asuna":1,"minecraft:white_bed":1,"minecraft:brewing_stand":1,"minecraft:grass_block":36,"ftbic:deepslate_tin_ore":5,"minecraft:iron_ore":26,"minecraft:fire":1,"minepop:minepop_dream":6,"minecraft:anvil":1,"minecraft:azure_bluet":45,"minecraft:pointed_dripstone":1,"minepop:minepop_palpatine":1,"minecraft:birch_wall_sign":3,"minepop:minepop_steve":1,"minecraft:deepslate_redstone_ore":11,"minepop:minepop_skeleton":2,"minecraft:torch":3,"minecraft:note_block":1,"minecraft:blast_furnace":1,"minecraft:poppy":46,"minepop:minepop_princess_leia":1,"minecraft:cobblestone":1,"minecraft:sugar_cane":8,"minecraft:wall_torch":13,"minepop:minepop_techno_blade":4,"minecraft:birch_log":24,"minecraft:birch_trapdoor":2,"minecraft:lilac":35,"minecraft:grass":14,"minecraft:oak_log":81,"minecraft:sand":66,"minecraft:dirt":96,"minecraft:stonecutter":1,"minecraft:oak_leaves":14,"minecraft:deepslate":110,"minepop:minepop_superman":1,"minepop:minepop_spiderman":11,"minepop:minepop_thor":4,"minepop:minepop_obiwan_kenobi":2,"minepop:minepop_yoda":2,"minecraft:deepslate_iron_ore":3,"minecraft:stone":347,"minepop:minepop_captain_america":3,"minecraft:dandelion":20,"travelersbackpack:standard":2,"minecraft:crafting_table":2,"minecraft:rose_bush":17,"minepop:minepop_black_panther":6,"minecraft:deepslate_gold_ore":1,"minecraft:birch_planks":2,"minepop:minepop_eugeo":1,"minepop:minepop_kirito":2,"minecraft:birch_leaves":8,"minepop:minepop_creeper":1,"minecraft:coal_ore":46,"minecraft:gravel":33,"minecraft:dripstone_block":14,"ftbic:uranium_ore":10,"minepop:minepop_ld_shadow_lady":1},"minecraft:broken":{"minecraft:stone_pickaxe":1,"minecraft:stone_axe":1,"minecraft:stone_sword":1,"minecraft:iron_pickaxe":1},"minecraft:killed":{"minecraft:cod":5,"minecraft:skeleton":1,"minecraft:chicken":12,"minecraft:pig":24,"minecraft:salmon":10,"minecraft:sheep":16,"minecraft:zombie":2,"minecraft:cow":4},"minecraft:crafted":{"minecraft:oak_planks":221,"minecraft:smooth_stone":5,"minecraft:stone":5,"minecraft:iron_boots":1,"minecraft:chest":4,"minecraft:birch_door":3,"minepop:randombox":20,"minecraft:magenta_dye":70,"minecraft:crafting_table":2,"minecraft:wooden_pickaxe":1,"minecraft:iron_helmet":1,"minecraft:birch_pressure_plate":4,"minecraft:birch_planks":28,"minecraft:iron_chestplate":1,"minecraft:yellow_dye":13,"minecraft:stick":188,"minecraft:iron_ingot":60,"minecraft:iron_pickaxe":2,"minecraft:stone_sword":1,"minecraft:light_gray_dye":60,"minecraft:wooden_sword":1,"minecraft:smooth_stone_slab":18,"minecraft:furnace":2,"minecraft:pink_dye":12,"minecraft:stone_pickaxe":2,"minecraft:birch_sign":3,"minecraft:red_dye":108,"minecraft:bucket":2,"minecraft:stone_axe":1,"minecraft:air":0,"minecraft:wooden_axe":2,"minecraft:iron_leggings":1,"minecraft:armor_stand":22,"minecraft:torch":16},"minecraft:killed_by":{"minecraft:player":1},"minecraft:used":{"minepop:minepop_techno_blade":5,"minecraft:chest":3,"minecraft:shield":1,"minecraft:birch_pressure_plate":4,"securitycraft:keypad_item":1,"minepop:minepop_eugeo":1,"minecraft:birch_sapling":3,"minepop:minepop_black_panther":5,"minepop:minepop_obiwan_kenobi":1,"minepop:minepop_asuna":1,"minecraft:birch_trapdoor":2,"minecraft:furnace":2,"minecraft:egg":4,"immersive_armors:wooden_helmet":2,"minecraft:stone_pickaxe":158,"minecraft:wooden_pickaxe":20,"minepop:minepop_steve":1,"minepop:minepop_captain_america":3,"minecraft:blast_furnace":1,"minecraft:note_block":3,"minecraft:bread":2,"minepop:minepop_palpatine":1,"securitycraft:mine":20,"create_sa:copper_chestplate":1,"camera:image_frame":5,"create_sa:zinc_axe":83,"minepop:minepop_ld_shadow_lady":1,"minecraft:stone_sword":162,"minepop:minepop_quinella":1,"minecraft:cooked_chicken":59,"minecraft:torch":31,"minecraft:brewing_stand":1,"minecraft:dirt":95,"minecraft:birch_door":2,"minecraft:wooden_axe":24,"minepop:minepop_princess_leia":1,"minepop:randombox":20,"minepop:minepop_creeper":1,"minecraft:cooked_mutton":11,"minecraft:water_bucket":6,"minepop:minepop_yoda":2,"minepop:minepop_skeleton":1,"minecraft:birch_planks":2,"minepop:minepop_kirito":2,"minecraft:stonecutter":1,"minecraft:crafting_table":5,"minepop:minepop_dream":5,"minecraft:birch_sign":5,"minecraft:white_bed":1,"minepop:minepop_spiderman":11,"minecraft:oak_log":10,"minecraft:iron_pickaxe":483,"minecraft:stone_axe":134,"minepop:minepop_thor":4,"minecraft:cobblestone":44,"travelersbackpack:standard":11,"minecraft:cooked_porkchop":6,"minecraft:bucket":6,"immersive_armors:wooden_leggings":2,"securitycraft:universal_owner_changer":1},"minecraft:dropped":{"minecraft:porkchop":39,"minecraft:oak_log":43,"minecraft:cooked_porkchop":13,"travelersbackpack:iron_tier_upgrade":1,"minecraft:cod":8,"minecraft:item_frame":2,"minecraft:flint":5,"minecraft:gold_block":1,"immersive_armors:wooden_leggings":2,"minecraft:mutton":21,"minecraft:wooden_sword":1,"minecraft:sand":66,"minecraft:white_wool":15,"minecraft:stone_axe":1,"minecraft:sugar_cane":15,"minecraft:cooked_chicken":3,"minecraft:cobbled_deepslate":14,"minecraft:obsidian":2,"camera:image":4,"minecraft:cooked_mutton":4,"create_sa:copper_helmet":1,"minecraft:salmon":12,"minecraft:poppy":1,"minecraft:chest":2,"comforts:sleeping_bag_white":1,"create_sa:copper_leggings":1,"minecraft:bread":22,"minecraft:wheat_seeds":5,"tempad:tempad":4,"minecraft:feather":13,"securitycraft:universal_owner_changer":1,"minecraft:coal":24,"minecraft:gray_wool":2,"minecraft:torch":1,"create_sa:copper_boots":1,"minecraft:wooden_axe":1,"minecraft:fire_charge":1,"minecraft:iron_axe":1,"minecraft:red_dye":8,"minecraft:iron_shovel":1,"minecraft:paper":5,"minecraft:bucket":1,"create_sa:copper_chestplate":1,"minecraft:stone_sword":2,"minecraft:raw_copper":78,"camera:image_frame":3,"minecraft:tall_grass":1,"minecraft:chicken":8,"minecraft:clay_ball":48,"create_sa:zinc_axe":4,"securitycraft:universal_block_remover":1,"minecraft:stone":1,"create:zinc_ingot":41,"minecraft:oak_sapling":6,"minecraft:stone_pickaxe":2,"minecraft:magenta_dye":32,"minecraft:wooden_pickaxe":2,"minecraft:raw_gold":2,"securitycraft:keypad_chest":2,"immersive_armors:wooden_helmet":2,"securitycraft:keypad":1,"minecraft:black_wool":2}},"DataVersion":2975}