{"stats":{"minecraft:killed":{"minecraft:chicken":3,"minecraft:drowned":1,"minecraft:pig":3,"minecraft:sheep":4,"minecraft:zombie":3},"minecraft:custom":{"minecraft:interact_with_anvil":1,"minecraft:mob_kills":14,"minecraft:interact_with_crafting_table":24,"minecraft:leave_game":5,"minecraft:time_since_death":269823,"minecraft:sprint_one_cm":95246,"minecraft:walk_one_cm":645128,"minecraft:drop":97,"minecraft:play_noteblock":4,"minecraft:play_time":269823,"minecraft:sneak_time":2990,"minecraft:walk_under_water_one_cm":21781,"minecraft:jump":2239,"minecraft:interact_with_blast_furnace":1,"minecraft:walk_on_water_one_cm":40261,"minecraft:total_world_time":269823,"minecraft:interact_with_furnace":4,"minecraft:tune_noteblock":2,"minecraft:interact_with_stonecutter":1,"minecraft:sleep_in_bed":4,"minecraft:time_since_rest":17693,"minecraft:damage_taken":1732,"minecraft:damage_dealt":1951,"minecraft:swim_one_cm":17328,"minecraft:fly_one_cm":54375,"minecraft:open_chest":31,"minecraft:crouch_one_cm":8689,"minecraft:fall_one_cm":50454},"minecraft:picked_up":{"minecraft:crafting_table":1,"minecraft:azure_bluet":16,"minecraft:chicken":3,"minecraft:shield":2,"minecraft:cornflower":1,"minecraft:string":4,"minecraft:iron_axe":2,"minecraft:raw_copper":53,"minecraft:cobbled_deepslate":3,"comforts:sleeping_bag_white":6,"minepop:minepop_ld_shadow_lady":2,"minecraft:calcite":15,"minecraft:poppy":30,"minecraft:iron_pickaxe":1,"minecraft:chest":3,"minecraft:birch_sapling":4,"minecraft:egg":3,"minecraft:furnace":2,"minecraft:stick":4,"minecraft:raw_iron":53,"minecraft:torch":27,"minecraft:porkchop":6,"minecraft:stone_button":1,"create_sa:zinc_pickaxe":1,"minepop:minepop_techno_blade":1,"minecraft:rotten_flesh":11,"minecraft:peony":6,"minecraft:mutton":7,"minecraft:birch_log":16,"minecraft:white_wool":3,"minecraft:cobblestone":583,"minecraft:oxeye_daisy":1,"minecraft:nautilus_shell":1,"minecraft:feather":2,"minecraft:andesite":9,"create_sa:copper_helmet":1,"minecraft:oak_log":2,"minecraft:dirt":62,"ftbic:tin_chunk":2,"minecraft:cooked_mutton":4,"minecraft:bone":1,"minecraft:wheat_seeds":2,"minecraft:raw_gold":2,"minecraft:cooked_chicken":31,"minecraft:oak_planks":11,"minecraft:cooked_porkchop":19,"create_sa:copper_sword":1,"minecraft:dandelion":17,"minecraft:dripstone_block":8,"tempad:tempad":2,"minecraft:amethyst_shard":4,"securitycraft:reinforced_stone":32,"minecraft:spider_eye":1,"travelersbackpack:standard":1,"minecraft:gray_wool":1,"minecraft:coal":139},"minecraft:crafted":{"minecraft:wooden_sword":1,"minecraft:oak_planks":8,"minecraft:stone_shovel":1,"minecraft:leather_boots":1,"minecraft:furnace":1,"minecraft:cooked_mutton":7,"minecraft:ladder":15,"minecraft:stone_pickaxe":4,"minecraft:chest":1,"minecraft:cooked_porkchop":6,"minecraft:crafting_table":2,"minecraft:wooden_pickaxe":1,"minecraft:birch_planks":48,"minecraft:stone_axe":1,"minecraft:shield":1,"minecraft:stick":64,"minecraft:iron_pickaxe":1,"minecraft:stone_sword":1,"minecraft:white_bed":1},"minecraft:broken":{"create_sa:copper_sword":1,"minecraft:stone_pickaxe":3,"minecraft:iron_axe":1,"create_sa:zinc_pickaxe":1},"minecraft:used":{"minepop:minepop_ld_shadow_lady":2,"minecraft:stone_sword":10,"minecraft:stone_shovel":12,"minepop:minepop_techno_blade":1,"minecraft:chest":3,"minecraft:cooked_chicken":13,"minecraft:rotten_flesh":6,"minecraft:torch":27,"minecraft:dirt":26,"minecraft:iron_axe":13,"minecraft:furnace":1,"comforts:sleeping_bag_white":5,"minecraft:egg":3,"minecraft:cobbled_deepslate":2,"minecraft:calcite":6,"minecraft:cooked_mutton":7,"minecraft:water_bucket":4,"minecraft:stone_pickaxe":511,"minecraft:oak_planks":25,"minecraft:wooden_pickaxe":9,"minecraft:diamond_axe":19,"minecraft:spider_eye":1,"create_sa:zinc_pickaxe":168,"minecraft:chicken":3,"create_sa:copper_sword":23,"minecraft:iron_pickaxe":1,"minecraft:stone_axe":23,"minecraft:cobblestone":265,"travelersbackpack:standard":1,"minecraft:cooked_porkchop":2,"minecraft:birch_log":4,"minecraft:bucket":4,"minecraft:andesite":9},"minecraft:mined":{"minecraft:grass_block":13,"minecraft:oxeye_daisy":1,"comforts:sleeping_bag_white":1,"minecraft:furnace":1,"minecraft:iron_ore":52,"minecraft:andesite":9,"minecraft:azure_bluet":15,"minecraft:peony":6,"minecraft:pointed_dripstone":1,"minecraft:stone":446,"minecraft:deepslate_redstone_ore":1,"ftbic:tin_ore":2,"minecraft:dandelion":18,"travelersbackpack:standard":1,"minecraft:crafting_table":1,"minecraft:cornflower":1,"minecraft:torch":12,"minecraft:calcite":16,"minecraft:poppy":31,"minecraft:chest":2,"minecraft:tall_grass":1,"minecraft:copper_ore":12,"minecraft:cobblestone":17,"minecraft:deepslate_gold_ore":1,"minecraft:oak_planks":10,"minecraft:wall_torch":8,"minepop:minepop_techno_blade":1,"minecraft:birch_log":16,"minecraft:birch_leaves":6,"minecraft:grass":8,"minecraft:oak_log":2,"minecraft:coal_ore":118,"minecraft:dripstone_block":3,"minecraft:dirt":18,"minepop:minepop_ld_shadow_lady":2,"minecraft:oak_leaves":1},"minecraft:dropped":{"minecraft:water_bucket":1,"minecraft:birch_planks":5,"minecraft:wheat_seeds":1,"minecraft:diamond_axe":1,"tempad:tempad":2,"minecraft:crafting_table":2,"minecraft:cooked_porkchop":7,"minecraft:cobblestone":292,"create_sa:zinc_pickaxe":1,"minecraft:coal":50,"minecraft:oxeye_daisy":1,"minecraft:dirt":16,"minecraft:gray_wool":1,"minecraft:torch":7,"minecraft:cornflower":1,"minecraft:iron_pickaxe":1,"minecraft:string":2,"minecraft:dandelion":17,"securitycraft:reinforced_stone":32,"minecraft:furnace":1,"minecraft:stone_axe":1,"minecraft:cooked_chicken":69,"minecraft:stone_sword":1,"minecraft:raw_copper":39,"minecraft:oak_planks":2,"minecraft:cooked_mutton":4,"minecraft:azure_bluet":16,"minecraft:white_bed":1,"minecraft:poppy":30,"minecraft:shield":1,"minecraft:peony":6,"minecraft:leather_boots":1,"minecraft:chest":1,"comforts:sleeping_bag_white":1,"minecraft:wooden_pickaxe":1,"minecraft:stone_pickaxe":1,"minecraft:raw_gold":2,"minecraft:nautilus_shell":1}},"DataVersion":2975}