{"stats":{"minecraft:broken":{"minecraft:stone_pickaxe":2,"create_sa:copper_sword":1},"minecraft:used":{"minecraft:cooked_mutton":7,"minecraft:water_bucket":4,"minepop:minepop_ld_shadow_lady":2,"minecraft:stone_sword":10,"minecraft:stone_pickaxe":383,"minecraft:stone_shovel":12,"minepop:minepop_techno_blade":1,"minecraft:oak_planks":25,"minecraft:chest":2,"minecraft:wooden_pickaxe":9,"minecraft:diamond_axe":19,"minecraft:cooked_chicken":9,"minecraft:rotten_flesh":6,"minecraft:torch":9,"minecraft:dirt":12,"minecraft:spider_eye":1,"create_sa:zinc_pickaxe":43,"minecraft:chicken":3,"create_sa:copper_sword":23,"minecraft:stone_axe":23,"minecraft:cobblestone":167,"travelersbackpack:standard":1,"minecraft:furnace":1,"minecraft:cooked_porkchop":2,"minecraft:bucket":4,"minecraft:birch_log":4,"minecraft:egg":3,"minecraft:cobbled_deepslate":2},"minecraft:picked_up":{"minecraft:nautilus_shell":1,"minecraft:crafting_table":1,"minecraft:feather":2,"minecraft:chicken":3,"create_sa:copper_helmet":1,"minecraft:shield":1,"minecraft:cornflower":1,"minecraft:dirt":27,"minecraft:string":2,"minecraft:raw_copper":46,"minecraft:cooked_mutton":4,"minecraft:bone":1,"minecraft:wheat_seeds":2,"minecraft:cobbled_deepslate":3,"minecraft:raw_gold":1,"comforts:sleeping_bag_white":1,"minepop:minepop_ld_shadow_lady":2,"minecraft:cooked_chicken":25,"minecraft:poppy":2,"minecraft:iron_pickaxe":1,"minecraft:chest":2,"minecraft:birch_sapling":4,"minecraft:oak_planks":11,"minecraft:furnace":1,"minecraft:egg":3,"minecraft:stick":4,"minecraft:cooked_porkchop":9,"create_sa:copper_sword":1,"minecraft:torch":16,"minecraft:dandelion":10,"minecraft:dripstone_block":5,"tempad:tempad":2,"minecraft:porkchop":6,"minecraft:amethyst_shard":4,"minecraft:stone_button":1,"securitycraft:reinforced_stone":32,"minecraft:spider_eye":1,"travelersbackpack:standard":1,"minepop:minepop_techno_blade":1,"minecraft:rotten_flesh":6,"minecraft:gray_wool":1,"minecraft:mutton":7,"minecraft:coal":74,"minecraft:birch_log":16,"minecraft:white_wool":3,"minecraft:cobblestone":485,"minecraft:oxeye_daisy":1},"minecraft:killed":{"minecraft:pig":3,"minecraft:sheep":4,"minecraft:chicken":3,"minecraft:drowned":1},"minecraft:crafted":{"minecraft:wooden_sword":1,"minecraft:stone_shovel":1,"minecraft:cooked_porkchop":6,"minecraft:crafting_table":1,"minecraft:wooden_pickaxe":1,"minecraft:furnace":1,"minecraft:birch_planks":48,"minecraft:stone_axe":1,"minecraft:cooked_mutton":7,"minecraft:stick":64,"minecraft:stone_pickaxe":4,"minecraft:stone_sword":1,"minecraft:chest":1,"minecraft:white_bed":1},"minecraft:dropped":{"securitycraft:reinforced_stone":32,"minecraft:water_bucket":1,"minecraft:stone_axe":1,"minecraft:birch_planks":5,"minecraft:wheat_seeds":1,"tempad:tempad":2,"minecraft:cooked_chicken":67,"minecraft:stone_sword":1,"minecraft:raw_copper":30,"minecraft:cooked_porkchop":7,"minecraft:cobblestone":292,"minecraft:oak_planks":2,"minecraft:cooked_mutton":4,"minecraft:coal":40,"minecraft:oxeye_daisy":1,"minecraft:poppy":2,"minecraft:dirt":5,"minecraft:gray_wool":1,"minecraft:torch":7,"minecraft:cornflower":1,"comforts:sleeping_bag_white":1,"minecraft:wooden_pickaxe":1,"minecraft:stone_pickaxe":1,"minecraft:iron_pickaxe":1,"minecraft:dandelion":10},"minecraft:custom":{"minecraft:interact_with_furnace":4,"minecraft:mob_kills":11,"minecraft:interact_with_anvil":1,"minecraft:interact_with_crafting_table":21,"minecraft:leave_game":4,"minecraft:time_since_death":188095,"minecraft:time_since_rest":188095,"minecraft:sprint_one_cm":47296,"minecraft:damage_taken":1500,"minecraft:walk_one_cm":436201,"minecraft:drop":75,"minecraft:damage_dealt":1244,"minecraft:swim_one_cm":14697,"minecraft:fly_one_cm":39983,"minecraft:open_chest":21,"minecraft:crouch_one_cm":6303,"minecraft:play_time":188095,"minecraft:sneak_time":1787,"minecraft:walk_under_water_one_cm":15517,"minecraft:jump":1332,"minecraft:walk_on_water_one_cm":28453,"minecraft:total_world_time":188095,"minecraft:fall_one_cm":37531},"minecraft:mined":{"minecraft:dandelion":10,"travelersbackpack:standard":1,"minecraft:cornflower":1,"minecraft:crafting_table":1,"minecraft:torch":3,"minecraft:grass_block":13,"minecraft:poppy":2,"minecraft:chest":2,"minecraft:tall_grass":1,"minecraft:copper_ore":10,"minecraft:cobblestone":14,"minecraft:deepslate_gold_ore":1,"minecraft:oak_planks":10,"minecraft:wall_torch":4,"minecraft:oxeye_daisy":1,"minepop:minepop_techno_blade":1,"minecraft:furnace":1,"minecraft:birch_log":16,"minecraft:birch_leaves":6,"minecraft:grass":6,"minecraft:coal_ore":53,"minecraft:dripstone_block":3,"minecraft:dirt":15,"minecraft:stone":346,"minepop:minepop_ld_shadow_lady":2,"minecraft:oak_leaves":1}},"DataVersion":2975}