{"stats":{"minecraft:custom":{"minecraft:mob_kills":24,"minecraft:interact_with_anvil":5,"minecraft:interact_with_crafting_table":50,"minecraft:leave_game":4,"minecraft:time_since_death":0,"minecraft:sprint_one_cm":263212,"minecraft:walk_one_cm":338003,"minecraft:damage_blocked_by_shield":1073,"minecraft:drop":101,"minecraft:sneak_time":14663,"minecraft:play_time":189998,"minecraft:deaths":4,"minecraft:walk_under_water_one_cm":12226,"minecraft:boat_one_cm":22181,"minecraft:jump":1998,"minecraft:walk_on_water_one_cm":30101,"minecraft:total_world_time":189998,"minecraft:interact_with_furnace":46,"minecraft:time_since_rest":0,"minecraft:damage_taken":4776,"minecraft:damage_dealt":4575,"minecraft:swim_one_cm":8590,"minecraft:fly_one_cm":177645,"minecraft:player_kills":2,"minecraft:open_chest":36,"minecraft:crouch_one_cm":38195,"minecraft:fall_one_cm":59128},"minecraft:crafted":{"minecraft:smooth_stone":19,"minecraft:stone_shovel":1,"minecraft:smooth_stone_slab":6,"minecraft:birch_boat":1,"minecraft:furnace":2,"minecraft:stone_button":27,"minecraft:stone":34,"securitycraft:keypad_item":3,"create_sa:copper_helmet":1,"minecraft:heavy_weighted_pressure_plate":3,"minecraft:glass_pane":16,"securitycraft:laser_block":1,"minecraft:glass":34,"minecraft:stone_pickaxe":4,"minecraft:redstone_block":1,"create_sa:copper_leggings":1,"minecraft:crafting_table":2,"minecraft:wooden_pickaxe":1,"minecraft:copper_ingot":31,"minecraft:bucket":1,"minecraft:birch_planks":120,"minecraft:stone_axe":1,"minecraft:air":0,"minecraft:stick":32,"minecraft:iron_pickaxe":1,"minecraft:iron_ingot":10,"minecraft:stone_sword":1,"minecraft:armor_stand":2,"minecraft:torch":32,"create:zinc_ingot":13,"securitycraft:universal_block_reinforcer_lvl1":1},"minecraft:broken":{"minecraft:stone_pickaxe":2,"minecraft:iron_pickaxe":1},"minecraft:killed_by":{"minecraft:player":3,"minecraft:zombie":1},"minecraft:mined":{"create:zinc_ore":22,"minecraft:stone_button":1,"minecraft:furnace":1,"minecraft:iron_ore":18,"minecraft:pumpkin":10,"minecraft:deepslate_lapis_ore":5,"minecraft:pointed_dripstone":7,"minecraft:deepslate_iron_ore":41,"minecraft:birch_wall_sign":1,"minecraft:stone":337,"minecraft:deepslate_redstone_ore":21,"minecraft:crafting_table":4,"minecraft:clay":12,"minecraft:torch":6,"minecraft:copper_ore":17,"minecraft:cobblestone":7,"minecraft:deepslate_coal_ore":1,"minecraft:deepslate_gold_ore":26,"minecraft:wall_torch":9,"minecraft:deepslate_copper_ore":9,"minecraft:seagrass":1,"minecraft:birch_planks":1,"minecraft:birch_log":30,"minecraft:birch_trapdoor":1,"minecraft:birch_leaves":4,"minecraft:grass":1,"minecraft:coal_ore":189,"minecraft:sand":24,"minecraft:gravel":2,"minecraft:dripstone_block":2,"minecraft:dirt":12,"minecraft:deepslate":18},"minecraft:killed":{"minecraft:spider":1,"minecraft:skeleton":2,"minecraft:drowned":1,"minecraft:creeper":1,"minecraft:zombie":12,"minecraft:glow_squid":4},"minecraft:used":{"minecraft:stone_sword":19,"minecraft:stone_shovel":48,"minecraft:shield":21,"minecraft:cooked_chicken":67,"minecraft:torch":29,"minecraft:anvil":2,"securitycraft:keypad_item":1,"minecraft:iron_axe":62,"minecraft:iron_helmet":1,"minecraft:item_frame":1,"minepop:randombox":1,"securitycraft:universal_key_changer":1,"minecraft:furnace":2,"minecraft:cobbled_deepslate":2,"securitycraft:door_indestructible_iron_item":1,"minecraft:stone_pickaxe":400,"minecraft:birch_boat":2,"minecraft:wooden_pickaxe":26,"minecraft:crafting_table":5,"minecraft:birch_sign":1,"create_sa:copper_leggings":1,"create_sa:copper_boots":1,"minecraft:iron_pickaxe":301,"minecraft:stone_button":1,"minecraft:stone_axe":42,"minecraft:cobblestone":18,"securitycraft:universal_owner_changer":1},"minecraft:dropped":{"tempad:tempad":5,"minecraft:crafting_table":1,"minecraft:dripstone_block":1,"minecraft:cobblestone":2,"minecraft:lead":1,"securitycraft:universal_owner_changer":2,"minecraft:stick":2,"minecraft:dirt":1,"create_sa:copper_sword":1,"minecraft:torch":17,"minecraft:smooth_stone":17,"minecraft:armor_stand":2,"minecraft:furnace":1,"minecraft:cooked_chicken":2,"minecraft:stone_sword":2,"minecraft:cobbled_deepslate":10,"minecraft:raw_copper":27,"minecraft:smooth_stone_slab":4,"minecraft:birch_sapling":4,"minecraft:pointed_dripstone":8,"camera:image":1,"minecraft:rotten_flesh":3,"securitycraft:keypad_item":4,"securitycraft:universal_block_remover":1,"minecraft:birch_door":1,"minecraft:oak_sapling":1,"minecraft:birch_sign":1,"minecraft:arrow":2,"securitycraft:universal_key_changer":2,"minecraft:stone_pickaxe":1,"securitycraft:universal_block_reinforcer_lvl1":1},"minecraft:picked_up":{"minecraft:crafting_table":5,"securitycraft:keypad_item":3,"minecraft:clay_ball":48,"minecraft:shield":1,"minecraft:string":1,"minecraft:raw_copper":86,"minecraft:iron_axe":1,"minecraft:item_frame":3,"create_sa:copper_chestplate":1,"minecraft:cobbled_deepslate":20,"minecraft:iron_pickaxe":1,"minecraft:birch_sapling":4,"minecraft:furnace":1,"minecraft:raw_iron":50,"minecraft:stick":8,"minecraft:stone":29,"minecraft:torch":17,"minecraft:porkchop":1,"minecraft:stone_button":1,"minecraft:pointed_dripstone":16,"minecraft:redstone":86,"minecraft:stone_sword":2,"minecraft:arrow":4,"minecraft:rotten_flesh":9,"minecraft:cobblestone":368,"minecraft:birch_log":30,"minecraft:glow_ink_sac":8,"securitycraft:universal_owner_changer":2,"minecraft:birch_planks":24,"create:raw_zinc":22,"minecraft:lapis_lazuli":20,"minecraft:dirt":13,"securitycraft:reinforced_stone_button":26,"minecraft:glass":18,"minecraft:raw_gold":26,"minecraft:cooked_chicken":5,"minecraft:stone_pickaxe":1,"securitycraft:universal_block_reinforcer_lvl1":1,"camera:image":1,"create_sa:copper_sword":2,"minecraft:birch_boat":2,"minecraft:pumpkin":10,"tempad:tempad":3,"minecraft:dripstone_block":2,"minecraft:gravel":2,"minecraft:sand":23,"minepop:randombox":1,"minecraft:spider_eye":1,"securitycraft:universal_block_remover":1,"create_sa:copper_boots":1,"minecraft:diamond":9,"minecraft:iron_helmet":1,"minecraft:birch_sign":1,"minecraft:coal":194}},"DataVersion":2975}