{"stats":{"minecraft:dropped":{"tempad:tempad":4,"minecraft:cooked_chicken":1,"minecraft:stone_sword":1,"minecraft:birch_sapling":4,"minecraft:pointed_dripstone":1,"camera:image":1,"minecraft:rotten_flesh":1,"securitycraft:keypad_item":3,"minecraft:arrow":1,"minecraft:stone_pickaxe":1,"securitycraft:universal_block_reinforcer_lvl1":1},"minecraft:custom":{"minecraft:interact_with_furnace":19,"minecraft:mob_kills":10,"minecraft:interact_with_crafting_table":37,"minecraft:leave_game":2,"minecraft:time_since_death":107978,"minecraft:time_since_rest":107978,"minecraft:sprint_one_cm":179039,"minecraft:damage_taken":1571,"minecraft:walk_one_cm":170336,"minecraft:damage_blocked_by_shield":130,"minecraft:drop":19,"minecraft:damage_dealt":1614,"minecraft:swim_one_cm":6299,"minecraft:fly_one_cm":105593,"minecraft:open_chest":15,"minecraft:crouch_one_cm":25333,"minecraft:play_time":107978,"minecraft:sneak_time":9383,"minecraft:walk_under_water_one_cm":8358,"minecraft:boat_one_cm":15459,"minecraft:jump":1054,"minecraft:walk_on_water_one_cm":17646,"minecraft:total_world_time":107978,"minecraft:fall_one_cm":29945},"minecraft:mined":{"create:zinc_ore":22,"minecraft:deepslate_redstone_ore":8,"minecraft:clay":12,"minecraft:crafting_table":3,"minecraft:torch":1,"minecraft:copper_ore":17,"minecraft:deepslate_coal_ore":1,"minecraft:deepslate_gold_ore":1,"minecraft:wall_torch":2,"minecraft:seagrass":1,"minecraft:birch_log":30,"minecraft:iron_ore":17,"minecraft:birch_leaves":4,"minecraft:pumpkin":10,"minecraft:grass":1,"minecraft:pointed_dripstone":7,"minecraft:coal_ore":121,"minecraft:sand":6,"minecraft:dirt":11,"minecraft:stone":324},"minecraft:used":{"minecraft:stone_sword":17,"minecraft:stone_shovel":30,"minecraft:stone_pickaxe":328,"minecraft:wooden_pickaxe":26,"minecraft:birch_boat":1,"minecraft:shield":3,"minecraft:cooked_chicken":35,"minecraft:torch":4,"securitycraft:keypad_item":1,"minecraft:crafting_table":5,"minecraft:iron_axe":10,"minecraft:iron_pickaxe":165,"minecraft:item_frame":1,"minecraft:stone_axe":42,"minecraft:cobblestone":6,"minecraft:furnace":1},"minecraft:picked_up":{"minecraft:birch_log":30,"minecraft:crafting_table":4,"securitycraft:keypad_item":3,"minecraft:clay_ball":48,"minecraft:glow_ink_sac":6,"minecraft:birch_planks":23,"create:raw_zinc":22,"minecraft:shield":1,"minecraft:dirt":11,"minecraft:raw_copper":58,"minecraft:iron_axe":1,"minecraft:item_frame":3,"securitycraft:reinforced_stone_button":26,"minecraft:glass":18,"minecraft:raw_gold":1,"minecraft:stone_pickaxe":1,"minecraft:cooked_chicken":1,"securitycraft:universal_block_reinforcer_lvl1":1,"camera:image":1,"minecraft:birch_sapling":4,"minecraft:stick":8,"minecraft:raw_iron":17,"minecraft:stone":29,"minecraft:birch_boat":1,"minecraft:pumpkin":10,"minecraft:torch":5,"tempad:tempad":2,"minecraft:sand":5,"minecraft:porkchop":1,"minecraft:pointed_dripstone":12,"minecraft:redstone":36,"minecraft:stone_sword":1,"minecraft:arrow":3,"minecraft:rotten_flesh":4,"minecraft:diamond":9,"minecraft:coal":125,"minecraft:cobblestone":349},"minecraft:killed":{"minecraft:creeper":1,"minecraft:skeleton":1,"minecraft:zombie":5,"minecraft:glow_squid":3},"minecraft:crafted":{"minecraft:stone_shovel":1,"minecraft:crafting_table":2,"minecraft:wooden_pickaxe":1,"minecraft:birch_boat":1,"minecraft:furnace":1,"minecraft:stone_button":26,"minecraft:bucket":1,"securitycraft:keypad_item":3,"minecraft:birch_planks":120,"minecraft:stone_axe":1,"minecraft:heavy_weighted_pressure_plate":3,"minecraft:air":0,"minecraft:glass_pane":16,"securitycraft:laser_block":1,"minecraft:glass":34,"minecraft:stick":16,"minecraft:iron_ingot":8,"minecraft:iron_pickaxe":1,"minecraft:stone_pickaxe":3,"minecraft:stone_sword":1,"minecraft:redstone_block":1,"minecraft:torch":12,"securitycraft:universal_block_reinforcer_lvl1":1},"minecraft:broken":{"minecraft:stone_pickaxe":2}},"DataVersion":2975}