{"stats":{"minecraft:dropped":{"create_sa:copper_leggings":1,"minecraft:wheat_seeds":1,"tempad:tempad":8,"minecraft:oak_log":4,"minecraft:crafting_table":1,"minecraft:dripstone_block":22,"minecraft:cooked_porkchop":6,"minecraft:feather":14,"minecraft:iron_helmet":1,"minecraft:cobblestone":98,"minecraft:lead":1,"securitycraft:door_indestructible_iron_item":1,"minecraft:granite":1,"travelersbackpack:standard":3,"securitycraft:universal_owner_changer":2,"minecraft:stick":2,"minecraft:dirt":98,"minecraft:diorite":2,"minecraft:stone_button":1,"create_sa:copper_sword":1,"minecraft:torch":17,"create_sa:copper_boots":1,"minecraft:mutton":2,"minecraft:wooden_axe":1,"minecraft:iron_leggings":1,"minecraft:wooden_sword":1,"minecraft:smooth_stone":17,"minecraft:white_wool":1,"minecraft:bone":1,"minecraft:armor_stand":2,"securitycraft:reinforced_stone":19,"minecraft:gravel":13,"minecraft:furnace":1,"minecraft:stone_axe":1,"create_sa:copper_chestplate":1,"minecraft:cooked_chicken":2,"minecraft:stone_sword":4,"minecraft:cobbled_deepslate":10,"minecraft:raw_copper":27,"minecraft:smooth_stone_slab":4,"minecraft:raw_iron":1,"minecraft:tuff":3,"minecraft:birch_sapling":7,"camera:image":2,"minecraft:pointed_dripstone":14,"minecraft:rotten_flesh":9,"minecraft:iron_boots":1,"create_sa:copper_helmet":1,"securitycraft:keypad_item":4,"securitycraft:universal_block_remover":2,"minecraft:shield":1,"minecraft:iron_chestplate":1,"minecraft:oak_sapling":2,"minecraft:birch_door":1,"minecraft:golden_sword":1,"minecraft:birch_sign":1,"minecraft:iron_bars":1,"minecraft:wooden_pickaxe":1,"securitycraft:universal_key_changer":2,"minecraft:arrow":4,"minecraft:stone_pickaxe":1,"securitycraft:universal_block_reinforcer_lvl1":1},"minecraft:killed":{"minecraft:spider":4,"minecraft:skeleton":4,"minecraft:horse":8,"minecraft:chicken":16,"minecraft:drowned":1,"minecraft:pig":17,"minecraft:wandering_trader":1,"minecraft:creeper":2,"minecraft:sheep":25,"minecraft:trader_llama":1,"minecraft:zombie":19,"minecraft:donkey":3,"minecraft:glow_squid":4,"minecraft:cow":18},"minecraft:picked_up":{"minecraft:wooden_axe":1,"minecraft:crafting_table":10,"securitycraft:keypad_item":3,"minecraft:chicken":17,"minecraft:clay_ball":48,"minecraft:lead":2,"minecraft:wooden_pickaxe":1,"minecraft:gold_block":1,"minecraft:golden_sword":1,"minecraft:shield":1,"minecraft:wooden_sword":1,"minecraft:cornflower":20,"minecraft:string":4,"minecraft:raw_copper":92,"minecraft:iron_axe":1,"minecraft:item_frame":3,"create_sa:copper_chestplate":1,"minecraft:cobbled_deepslate":20,"minecraft:beef":36,"minecraft:iron_pickaxe":1,"minecraft:sugar_cane":14,"minecraft:chest":1,"minecraft:birch_sapling":7,"minecraft:furnace":4,"minecraft:egg":5,"minecraft:stick":18,"minecraft:raw_iron":50,"minecraft:stone":29,"minecraft:copper_ingot":2,"minecraft:torch":21,"minecraft:porkchop":35,"minecraft:white_dye":1,"minecraft:stone_button":1,"minecraft:pointed_dripstone":16,"minecraft:diorite":2,"create_sa:zinc_pickaxe":1,"minecraft:redstone":86,"minecraft:stone_sword":4,"minecraft:arrow":7,"minecraft:rotten_flesh":16,"minecraft:mutton":38,"minecraft:white_wool":26,"minecraft:cobblestone":687,"minepop:minepop_quinella":1,"minecraft:birch_log":30,"minecraft:feather":25,"minecraft:glow_ink_sac":8,"securitycraft:universal_owner_changer":2,"minecraft:leather":27,"minecraft:birch_planks":24,"minecraft:oak_log":99,"create:raw_zinc":22,"securitycraft:keypad_chest":2,"minecraft:gunpowder":2,"minecraft:lapis_lazuli":20,"minecraft:dirt":176,"minecraft:birch_pressure_plate":3,"minecraft:cooked_mutton":2,"securitycraft:reinforced_stone_button":34,"minecraft:glass":24,"minecraft:bone":1,"minecraft:apple":1,"minecraft:iron_ingot":8,"minecraft:wheat_seeds":2,"minecraft:raw_gold":28,"minecraft:stone_pickaxe":1,"minecraft:cooked_chicken":5,"securitycraft:universal_block_reinforcer_lvl1":1,"camera:image":1,"minecraft:oak_planks":53,"minecraft:cooked_porkchop":29,"minecraft:birch_boat":5,"create_sa:copper_sword":3,"minecraft:pumpkin":10,"ftbic:lead_chunk":8,"minecraft:dripstone_block":16,"tempad:tempad":5,"minecraft:gravel":13,"minecraft:sand":26,"minepop:randombox":1,"securitycraft:reinforced_stone":19,"minecraft:spider_eye":3,"securitycraft:universal_block_remover":2,"travelersbackpack:standard":1,"create_sa:copper_boots":1,"minecraft:diamond":11,"immersive_armors:wooden_chestplate":1,"minecraft:iron_helmet":1,"minecraft:birch_sign":1,"minecraft:gray_wool":2,"securitycraft:keypad":1,"immersive_armors:wooden_boots":1,"minecraft:oak_sapling":11,"securitycraft:door_indestructible_iron_item":3,"minecraft:coal":225},"minecraft:broken":{"minecraft:stone_pickaxe":4,"minecraft:iron_axe":1,"minecraft:iron_pickaxe":1},"minecraft:custom":{"minecraft:interact_with_anvil":5,"minecraft:mob_kills":128,"minecraft:interact_with_crafting_table":86,"minecraft:leave_game":8,"minecraft:time_since_death":72615,"minecraft:sprint_one_cm":692375,"minecraft:walk_one_cm":669750,"minecraft:damage_blocked_by_shield":1298,"minecraft:drop":171,"minecraft:play_time":390088,"minecraft:sneak_time":22617,"minecraft:deaths":13,"minecraft:walk_under_water_one_cm":14501,"minecraft:boat_one_cm":72190,"minecraft:jump":4701,"minecraft:walk_on_water_one_cm":34826,"minecraft:total_world_time":390088,"minecraft:interact_with_furnace":85,"minecraft:time_since_rest":72636,"minecraft:damage_taken":9063,"minecraft:damage_dealt":16622,"minecraft:player_kills":6,"minecraft:swim_one_cm":9473,"minecraft:fly_one_cm":615288,"minecraft:open_chest":91,"minecraft:crouch_one_cm":59622,"minecraft:fall_one_cm":134433},"minecraft:crafted":{"minecraft:oak_planks":24,"minecraft:smooth_stone":19,"minecraft:stone_shovel":1,"minecraft:smooth_stone_slab":6,"comforts:sleeping_bag_white":1,"minecraft:birch_boat":1,"minecraft:cooked_chicken":5,"minecraft:furnace":4,"minecraft:stone_button":35,"minecraft:stone":161,"securitycraft:keypad_item":4,"securitycraft:keypad_frame":1,"create_sa:copper_helmet":1,"minecraft:heavy_weighted_pressure_plate":4,"minecraft:cooked_mutton":12,"minecraft:glass_pane":32,"securitycraft:laser_block":2,"minecraft:glass":55,"minecraft:stone_pickaxe":5,"minecraft:chest":2,"minecraft:redstone_block":2,"create_sa:copper_leggings":1,"minecraft:cooked_porkchop":1,"minecraft:crafting_table":6,"travelersbackpack:backpack_tank":2,"minecraft:wooden_pickaxe":2,"minecraft:copper_ingot":31,"minecraft:bucket":1,"minecraft:birch_planks":120,"minecraft:stone_axe":3,"minecraft:air":0,"minecraft:stick":44,"minecraft:iron_ingot":38,"minecraft:iron_pickaxe":1,"minecraft:stone_sword":2,"minecraft:gold_ingot":2,"create_sa:copper_sword":1,"minecraft:armor_stand":2,"minecraft:torch":52,"create:zinc_ingot":13,"securitycraft:universal_block_reinforcer_lvl1":2},"minecraft:used":{"minecraft:stone_sword":27,"securitycraft:keypad_chest":2,"minecraft:stone_shovel":52,"minecraft:chest":1,"minecraft:shield":30,"minecraft:cooked_chicken":83,"minecraft:iron_chestplate":1,"minecraft:torch":33,"minecraft:dirt":35,"minecraft:anvil":2,"securitycraft:keypad_item":4,"minecraft:iron_axe":149,"minecraft:iron_helmet":2,"minecraft:iron_boots":1,"minecraft:item_frame":1,"minepop:randombox":1,"securitycraft:universal_key_changer":1,"minecraft:oak_sapling":10,"minecraft:furnace":6,"minecraft:egg":5,"minecraft:cobbled_deepslate":2,"minecraft:iron_leggings":1,"minecraft:cooked_mutton":6,"securitycraft:door_indestructible_iron_item":3,"minecraft:birch_planks":5,"minecraft:stone_pickaxe":624,"minecraft:oak_planks":1,"securitycraft:keypad_frame":1,"minecraft:wooden_pickaxe":44,"minecraft:birch_boat":3,"minecraft:diamond_axe":13,"securitycraft:keypad":1,"minecraft:crafting_table":14,"create_sa:zinc_pickaxe":65,"minecraft:birch_sign":1,"securitycraft:universal_block_remover":4,"create_sa:copper_leggings":1,"create_sa:copper_boots":1,"create_sa:copper_sword":118,"minecraft:iron_pickaxe":301,"minecraft:stone_button":1,"minecraft:stone_axe":178,"minecraft:cobblestone":19,"minecraft:cooked_porkchop":6,"securitycraft:universal_owner_changer":1},"minecraft:mined":{"create:zinc_ore":22,"minepop:minepop_quinella":1,"minecraft:oak_sapling":1,"minecraft:stone_button":1,"minecraft:grass_block":2,"minecraft:furnace":4,"minecraft:iron_ore":18,"minecraft:pumpkin":10,"minecraft:deepslate_lapis_ore":5,"minecraft:pointed_dripstone":7,"minecraft:deepslate_iron_ore":41,"minecraft:birch_wall_sign":1,"minecraft:stone":594,"minecraft:deepslate_redstone_ore":21,"minecraft:clay":12,"minecraft:crafting_table":9,"minecraft:cornflower":20,"minecraft:torch":6,"ftbic:lead_ore":8,"minecraft:chest":1,"minecraft:tall_grass":4,"minecraft:copper_ore":19,"minecraft:cobblestone":14,"minecraft:deepslate_coal_ore":1,"minecraft:deepslate_gold_ore":28,"minecraft:sugar_cane":5,"minecraft:wall_torch":12,"minecraft:deepslate_copper_ore":9,"minecraft:seagrass":1,"minecraft:birch_planks":1,"minecraft:birch_log":30,"minecraft:birch_trapdoor":1,"minecraft:birch_leaves":4,"minecraft:grass":23,"minecraft:oak_log":99,"minecraft:coal_ore":209,"minecraft:dripstone_block":2,"minecraft:gravel":2,"minecraft:sand":27,"minecraft:dirt":51,"minecraft:oak_leaves":4,"minecraft:deepslate":18},"minecraft:killed_by":{"minecraft:player":6,"minecraft:creeper":3,"minecraft:zombie":4}},"DataVersion":2975}