{"stats":{"minecraft:custom":{"minecraft:interact_with_anvil":5,"minecraft:mob_kills":139,"minecraft:interact_with_crafting_table":95,"minecraft:leave_game":10,"minecraft:time_since_death":406,"minecraft:sprint_one_cm":788643,"minecraft:walk_one_cm":790804,"minecraft:damage_blocked_by_shield":1298,"minecraft:drop":192,"minecraft:play_time":458885,"minecraft:sneak_time":27731,"minecraft:deaths":15,"minecraft:walk_under_water_one_cm":21968,"minecraft:boat_one_cm":72190,"minecraft:jump":5407,"minecraft:walk_on_water_one_cm":45477,"minecraft:total_world_time":458885,"minecraft:interact_with_furnace":86,"minecraft:time_since_rest":430,"minecraft:damage_taken":11130,"minecraft:damage_dealt":17870,"minecraft:player_kills":6,"minecraft:swim_one_cm":21560,"minecraft:fly_one_cm":708892,"minecraft:open_chest":110,"minecraft:crouch_one_cm":75881,"minecraft:fall_one_cm":156437},"minecraft:killed":{"minecraft:spider":5,"minecraft:horse":8,"minecraft:skeleton":5,"minecraft:chicken":17,"minecraft:drowned":2,"minecraft:pig":18,"minecraft:wandering_trader":1,"minecraft:creeper":3,"minecraft:sheep":29,"minecraft:trader_llama":1,"minecraft:donkey":4,"minecraft:zombie":19,"minecraft:glow_squid":4,"minecraft:cow":18},"minecraft:dropped":{"create_sa:copper_leggings":1,"minecraft:wheat_seeds":1,"tempad:tempad":8,"minecraft:oak_log":4,"minecraft:crafting_table":1,"minecraft:dripstone_block":22,"minecraft:cooked_porkchop":6,"minecraft:cobblestone":98,"minecraft:iron_helmet":1,"minecraft:feather":14,"minecraft:lead":1,"securitycraft:door_indestructible_iron_item":1,"minecraft:granite":1,"travelersbackpack:standard":3,"securitycraft:universal_owner_changer":2,"minecraft:stick":2,"minecraft:dirt":98,"minecraft:diorite":2,"minecraft:stone_button":1,"minecraft:torch":28,"create_sa:copper_sword":3,"minecraft:mutton":2,"minecraft:wooden_axe":1,"create_sa:copper_boots":1,"minecraft:iron_leggings":1,"minecraft:wooden_sword":1,"minecraft:smooth_stone":17,"minecraft:paper":6,"minecraft:white_wool":1,"minecraft:armor_stand":2,"minecraft:bone":1,"securitycraft:reinforced_stone":19,"minecraft:gravel":13,"minecraft:furnace":1,"minecraft:stone_axe":2,"minepop:minepop_yoda":1,"minecraft:cooked_chicken":2,"create_sa:copper_chestplate":1,"minecraft:stone_sword":4,"minecraft:cobbled_deepslate":10,"minecraft:raw_copper":27,"minecraft:smooth_stone_slab":4,"minecraft:tuff":3,"minecraft:birch_sapling":7,"minecraft:pointed_dripstone":14,"minecraft:raw_iron":1,"camera:image":4,"minecraft:rotten_flesh":9,"minecraft:iron_boots":1,"create_sa:copper_helmet":1,"securitycraft:keypad_item":4,"securitycraft:universal_block_remover":2,"minecraft:shield":1,"minecraft:iron_chestplate":1,"minecraft:oak_sapling":2,"minecraft:birch_door":1,"minecraft:golden_sword":1,"minecraft:birch_sign":1,"securitycraft:universal_key_changer":2,"minecraft:iron_bars":1,"minecraft:arrow":4,"minecraft:stone_pickaxe":1,"minecraft:wooden_pickaxe":1,"securitycraft:universal_block_reinforcer_lvl1":1,"minecraft:egg":3},"minecraft:mined":{"create:zinc_ore":22,"minepop:minepop_quinella":2,"minecraft:oak_sapling":1,"minecraft:stone_button":1,"minecraft:grass_block":2,"minecraft:furnace":4,"minecraft:iron_ore":18,"minepop:minepop_dream":1,"minecraft:pumpkin":10,"minecraft:deepslate_lapis_ore":5,"minepop:minepop_yoda":1,"minecraft:pointed_dripstone":7,"minecraft:deepslate_iron_ore":47,"minepop:minepop_palpatine":1,"minecraft:birch_wall_sign":1,"minecraft:stone":596,"minepop:minepop_captain_america":1,"minecraft:deepslate_redstone_ore":21,"minepop:minepop_skeleton":1,"minecraft:amethyst_cluster":18,"minecraft:clay":12,"travelersbackpack:standard":2,"minecraft:torch":8,"minecraft:cornflower":20,"minecraft:crafting_table":9,"ftbic:lead_ore":8,"minepop:minepop_princess_leia":1,"minecraft:chest":1,"minepop:minepop_black_panther":1,"minecraft:copper_ore":19,"minecraft:tall_grass":5,"minecraft:cobblestone":14,"minecraft:deepslate_coal_ore":1,"minecraft:deepslate_gold_ore":28,"minecraft:sugar_cane":12,"minepop:minepop_techno_blade":1,"minecraft:wall_torch":15,"minecraft:amethyst_block":5,"minecraft:deepslate_copper_ore":20,"minecraft:seagrass":1,"minecraft:birch_planks":1,"minepop:minepop_eugeo":1,"minecraft:birch_log":30,"minecraft:birch_trapdoor":1,"minecraft:birch_leaves":4,"minepop:minepop_creeper":1,"minecraft:grass":33,"minecraft:coal_ore":209,"minecraft:oak_log":99,"minecraft:sand":27,"minecraft:gravel":2,"minecraft:dripstone_block":2,"minecraft:dirt":52,"minepop:minepop_ld_shadow_lady":1,"minecraft:oak_leaves":4,"minecraft:deepslate":26},"minecraft:broken":{"minecraft:stone_pickaxe":4,"minecraft:iron_axe":1,"minecraft:stone_axe":1,"minecraft:iron_pickaxe":1},"minecraft:crafted":{"minecraft:smooth_stone":19,"minecraft:oak_planks":24,"minecraft:stone_shovel":1,"minecraft:smooth_stone_slab":6,"comforts:sleeping_bag_white":1,"minecraft:birch_boat":1,"minecraft:cooked_chicken":5,"minecraft:furnace":4,"minecraft:stone_button":35,"minecraft:stone":197,"securitycraft:keypad_item":4,"securitycraft:keypad_frame":1,"minecraft:heavy_weighted_pressure_plate":4,"create_sa:copper_helmet":1,"minecraft:cooked_mutton":12,"minecraft:glass_pane":32,"securitycraft:laser_block":2,"minecraft:glass":55,"minecraft:stone_pickaxe":5,"minecraft:chest":2,"minecraft:redstone_block":2,"create_sa:copper_leggings":1,"minecraft:cooked_porkchop":1,"minecraft:crafting_table":6,"travelersbackpack:backpack_tank":2,"minecraft:wooden_pickaxe":2,"minecraft:copper_ingot":31,"minecraft:bucket":1,"minecraft:birch_planks":120,"minecraft:stone_axe":4,"minecraft:air":0,"minecraft:paper":12,"minecraft:stick":68,"minecraft:iron_ingot":38,"minecraft:iron_pickaxe":1,"minecraft:stone_sword":2,"minecraft:gold_ingot":29,"create_sa:copper_sword":1,"minecraft:armor_stand":2,"camera:image_frame":4,"minecraft:torch":52,"create:zinc_ingot":13,"securitycraft:universal_block_reinforcer_lvl1":2},"minecraft:used":{"camera:image_frame":4,"minecraft:stone_sword":27,"minepop:minepop_techno_blade":1,"securitycraft:keypad_chest":2,"minecraft:stone_shovel":52,"minecraft:chest":1,"minecraft:shield":30,"minecraft:cooked_chicken":83,"minecraft:iron_chestplate":1,"minecraft:torch":40,"minecraft:dirt":60,"minecraft:anvil":2,"securitycraft:keypad_item":4,"minepop:minepop_princess_leia":1,"minecraft:iron_axe":149,"minepop:minepop_obiwan_kenobi":1,"minecraft:iron_helmet":2,"minecraft:iron_boots":1,"minecraft:item_frame":1,"minepop:randombox":1,"securitycraft:universal_key_changer":1,"minecraft:oak_sapling":10,"minecraft:furnace":6,"minecraft:egg":5,"minecraft:cobbled_deepslate":3,"minecraft:iron_leggings":1,"minecraft:cooked_mutton":23,"minecraft:birch_planks":5,"securitycraft:door_indestructible_iron_item":3,"minecraft:oak_planks":1,"minecraft:stone_pickaxe":677,"minecraft:wooden_pickaxe":44,"minecraft:birch_boat":3,"minecraft:diamond_axe":13,"securitycraft:keypad_frame":1,"securitycraft:keypad":1,"minecraft:birch_sign":1,"create_sa:zinc_pickaxe":65,"minecraft:crafting_table":14,"securitycraft:universal_block_remover":4,"create_sa:copper_leggings":1,"minecraft:dripstone_block":5,"create_sa:copper_sword":120,"create_sa:copper_boots":1,"minecraft:iron_pickaxe":301,"minecraft:stone_button":1,"minecraft:stone_axe":205,"travelersbackpack:standard":5,"minecraft:cobblestone":19,"minecraft:cooked_porkchop":9,"securitycraft:universal_owner_changer":1},"minecraft:killed_by":{"minecraft:player":7,"minecraft:creeper":3,"minecraft:zombie":4},"minecraft:picked_up":{"minecraft:wooden_axe":1,"minecraft:crafting_table":10,"securitycraft:keypad_item":3,"minecraft:chicken":18,"minecraft:clay_ball":48,"minecraft:lead":2,"minecraft:wooden_pickaxe":1,"minecraft:gold_block":1,"minepop:minepop_eugeo":1,"camera:camera":1,"minecraft:golden_sword":1,"minecraft:shield":1,"minecraft:amethyst_block":5,"minecraft:cornflower":20,"minecraft:string":5,"minecraft:raw_copper":117,"minecraft:iron_axe":1,"minecraft:wooden_sword":1,"minecraft:item_frame":3,"create_sa:copper_chestplate":1,"minecraft:cobbled_deepslate":27,"minepop:minepop_ld_shadow_lady":1,"minecraft:beef":36,"minecraft:iron_pickaxe":1,"minecraft:sugar_cane":30,"minecraft:chest":1,"minecraft:birch_sapling":7,"minecraft:egg":8,"minecraft:furnace":4,"minecraft:raw_iron":56,"minecraft:stick":18,"minecraft:stone":29,"minepop:minepop_black_panther":1,"minecraft:copper_ingot":2,"minecraft:torch":31,"minepop:minepop_captain_america":1,"minecraft:porkchop":38,"minecraft:white_dye":1,"minecraft:stone_button":1,"minecraft:pointed_dripstone":17,"minecraft:diorite":2,"create_sa:zinc_pickaxe":1,"minecraft:redstone":86,"minepop:minepop_yoda":1,"minepop:minepop_princess_leia":1,"minepop:minepop_techno_blade":1,"minecraft:stone_sword":4,"minecraft:arrow":7,"minecraft:rotten_flesh":19,"minecraft:mutton":46,"minecraft:white_wool":30,"minecraft:cobblestone":689,"minepop:minepop_quinella":2,"minecraft:birch_log":30,"minecraft:feather":26,"minecraft:glow_ink_sac":8,"minepop:minepop_palpatine":1,"minepop:minepop_dream":1,"securitycraft:universal_owner_changer":2,"minecraft:leather":29,"minecraft:birch_planks":24,"create:raw_zinc":22,"minecraft:oak_log":99,"securitycraft:keypad_chest":2,"minecraft:gunpowder":2,"minecraft:lapis_lazuli":20,"minecraft:dirt":177,"minecraft:paper":5,"minecraft:birch_pressure_plate":3,"minecraft:cooked_mutton":11,"securitycraft:reinforced_stone_button":34,"minecraft:glass":24,"minecraft:bone":2,"minecraft:apple":1,"minecraft:wheat_seeds":4,"minecraft:raw_gold":28,"minecraft:stone_pickaxe":1,"minecraft:iron_ingot":8,"minecraft:cooked_chicken":5,"securitycraft:universal_block_reinforcer_lvl1":1,"camera:image":2,"minecraft:oak_planks":53,"minepop:minepop_creeper":1,"minecraft:birch_boat":5,"minecraft:cooked_porkchop":32,"create_sa:copper_sword":5,"minecraft:pumpkin":10,"ftbic:lead_chunk":8,"minecraft:dripstone_block":21,"tempad:tempad":6,"minecraft:gravel":13,"minecraft:sand":26,"minecraft:amethyst_shard":56,"minepop:randombox":1,"securitycraft:reinforced_stone":19,"minecraft:spider_eye":4,"securitycraft:universal_block_remover":2,"travelersbackpack:standard":3,"create_sa:copper_boots":1,"minecraft:diamond":11,"minecraft:stone_axe":1,"immersive_armors:wooden_chestplate":1,"minecraft:iron_helmet":1,"minecraft:birch_sign":1,"minecraft:gray_wool":2,"minepop:minepop_skeleton":1,"securitycraft:keypad":1,"minecraft:oak_sapling":11,"securitycraft:door_indestructible_iron_item":3,"immersive_armors:wooden_boots":1,"minecraft:coal":225}},"DataVersion":2975}