{"stats":{"minecraft:custom":{"minecraft:interact_with_crafting_table":106,"minecraft:leave_game":17,"minecraft:time_since_death":34311,"minecraft:sprint_one_cm":1089090,"minecraft:damage_blocked_by_shield":1298,"minecraft:drop":212,"minecraft:play_noteblock":1,"minecraft:talked_to_villager":1,"minecraft:play_time":612255,"minecraft:deaths":21,"minecraft:jump":7270,"minecraft:walk_on_water_one_cm":53557,"minecraft:interact_with_furnace":86,"minecraft:damage_dealt":21296,"minecraft:player_kills":7,"minecraft:crouch_one_cm":110295,"minecraft:mob_kills":159,"minecraft:interact_with_anvil":5,"minecraft:walk_one_cm":1034163,"minecraft:sneak_time":40561,"minecraft:walk_under_water_one_cm":32166,"minecraft:boat_one_cm":72190,"minecraft:interact_with_blast_furnace":3,"minecraft:total_world_time":612255,"minecraft:tune_noteblock":29,"minecraft:time_since_rest":34334,"minecraft:damage_taken":16835,"minecraft:swim_one_cm":22402,"minecraft:fly_one_cm":1005357,"minecraft:open_chest":140,"minecraft:fall_one_cm":198182},"minecraft:picked_up":{"minecraft:wooden_axe":1,"securitycraft:keypad_item":3,"minecraft:lead":2,"camera:camera":1,"securitycraft:universal_key_changer":1,"minecraft:golden_sword":1,"minecraft:amethyst_block":10,"minecraft:string":6,"create:limestone":1,"minecraft:raw_copper":249,"minecraft:cobbled_deepslate":55,"minecraft:iron_pickaxe":1,"minecraft:furnace":4,"minecraft:stick":18,"minepop:minepop_black_panther":1,"minecraft:torch":44,"travelersbackpack:iron_tier_upgrade":1,"minecraft:porkchop":50,"minecraft:pointed_dripstone":19,"minecraft:diorite":2,"create_sa:zinc_pickaxe":1,"minepop:minepop_yoda":1,"minecraft:cauldron":1,"minecraft:stone_sword":6,"minepop:minepop_techno_blade":1,"minecraft:rotten_flesh":34,"minecraft:cobblestone":1000,"minecraft:birch_log":30,"minecraft:feather":29,"minecraft:andesite":2,"ftbic:aluminum_chunk":9,"minecraft:flint":3,"create:raw_zinc":63,"minecraft:lapis_lazuli":20,"minecraft:dirt":325,"ftbic:tin_chunk":6,"minecraft:glass":24,"securitycraft:reinforced_stone_button":34,"minecraft:bone":3,"minecraft:stonecutter":1,"minecraft:wheat_seeds":20,"minecraft:raw_gold":29,"camera:image":2,"minecraft:oak_planks":106,"securitycraft:mine":2,"create_sa:copper_sword":6,"minecraft:cooked_porkchop":32,"minepop:minepop_creeper":1,"tempad:tempad":6,"minecraft:sand":26,"securitycraft:reinforced_stone":33,"securitycraft:universal_block_remover":3,"create_sa:copper_boots":1,"minecraft:diamond":11,"ftbic:uranium_chunk":74,"minecraft:granite":2,"minecraft:bread":22,"minecraft:oak_sapling":11,"minecraft:bricks":4,"minecraft:crafting_table":12,"minecraft:chicken":19,"minecraft:clay_ball":48,"minecraft:wooden_pickaxe":1,"minecraft:gold_block":1,"minepop:minepop_eugeo":1,"minecraft:shield":1,"minecraft:cornflower":22,"minecraft:wooden_sword":1,"minecraft:iron_axe":1,"minecraft:item_frame":3,"create_sa:copper_chestplate":1,"minecraft:beef":56,"minepop:minepop_ld_shadow_lady":1,"minecraft:poppy":7,"minecraft:sugar_cane":30,"minecraft:chest":2,"minecraft:birch_sapling":7,"minecraft:egg":8,"minecraft:raw_iron":79,"minecraft:stone":65,"securitycraft:reinforced_cobblestone":6,"minecraft:copper_ingot":2,"minepop:minepop_captain_america":1,"minecraft:white_dye":2,"minecraft:stone_button":1,"minecraft:redstone":86,"minepop:minepop_princess_leia":1,"minecraft:arrow":7,"minecraft:hay_block":13,"minecraft:mutton":49,"minecraft:white_wool":32,"minepop:minepop_quinella":2,"minecraft:glow_ink_sac":8,"minepop:minepop_palpatine":1,"securitycraft:universal_owner_changer":2,"minecraft:leather":39,"minepop:minepop_dream":1,"minecraft:birch_planks":24,"minecraft:oak_log":203,"securitycraft:keypad_chest":6,"minecraft:gunpowder":6,"minecraft:paper":5,"minecraft:birch_pressure_plate":6,"minecraft:cooked_mutton":11,"minecraft:apple":2,"minecraft:iron_ingot":11,"minecraft:stone_pickaxe":3,"minecraft:cooked_chicken":5,"securitycraft:universal_block_reinforcer_lvl1":1,"minecraft:iron_sword":2,"minecraft:birch_boat":5,"minecraft:pumpkin":12,"ftbic:lead_chunk":65,"minecraft:dandelion":2,"minecraft:dripstone_block":21,"minecraft:gravel":23,"minecraft:amethyst_shard":56,"minepop:randombox":1,"minecraft:blast_furnace":1,"minecraft:white_bed":1,"minecraft:spider_eye":9,"travelersbackpack:standard":3,"securitycraft:keypad_furnace":1,"minecraft:stone_axe":2,"immersive_armors:wooden_chestplate":1,"minecraft:iron_helmet":1,"minecraft:birch_sign":1,"minecraft:gray_wool":2,"minepop:minepop_skeleton":1,"securitycraft:keypad":2,"securitycraft:door_indestructible_iron_item":4,"minecraft:coal":285,"immersive_armors:wooden_boots":1},"minecraft:mined":{"minepop:minepop_quinella":2,"minecraft:white_bed":1,"minecraft:oak_sapling":1,"minecraft:granite":2,"minecraft:grass_block":5,"ftbic:aluminum_ore":9,"minecraft:fire":4,"minecraft:iron_ore":40,"minecraft:cobbled_deepslate":2,"minepop:minepop_dream":1,"minecraft:pumpkin":12,"minecraft:deepslate_lapis_ore":5,"minecraft:pointed_dripstone":7,"minecraft:water_cauldron":1,"minepop:minepop_palpatine":1,"minecraft:birch_wall_sign":1,"create:limestone":1,"minecraft:deepslate_redstone_ore":21,"ftbic:tin_ore":6,"minecraft:amethyst_cluster":18,"minepop:minepop_skeleton":1,"minecraft:clay":12,"minecraft:torch":10,"minecraft:blast_furnace":1,"minepop:minepop_princess_leia":1,"minecraft:chest":2,"minecraft:cobblestone":21,"minecraft:sugar_cane":12,"minecraft:oak_planks":29,"minecraft:bricks":2,"minecraft:wall_torch":16,"minepop:minepop_techno_blade":1,"minecraft:amethyst_block":9,"minecraft:deepslate_copper_ore":20,"minecraft:seagrass":1,"minecraft:birch_log":30,"minecraft:birch_trapdoor":1,"minecraft:grass":78,"minecraft:oak_log":170,"minecraft:sand":27,"minecraft:dirt":60,"minecraft:stonecutter":1,"minecraft:oak_leaves":13,"minecraft:deepslate":65,"create:zinc_ore":63,"minecraft:stone_button":1,"minecraft:hay_block":13,"minecraft:furnace":4,"minecraft:andesite":1,"minepop:minepop_yoda":1,"minecraft:deepslate_iron_ore":48,"minecraft:stone":672,"minepop:minepop_captain_america":1,"travelersbackpack:standard":2,"minecraft:crafting_table":11,"minecraft:cornflower":21,"ftbic:lead_ore":34,"minepop:minepop_black_panther":1,"minecraft:tall_grass":10,"minecraft:copper_ore":24,"minecraft:deepslate_coal_ore":1,"minecraft:deepslate_gold_ore":28,"minecraft:birch_planks":1,"minepop:minepop_eugeo":1,"minecraft:birch_leaves":4,"minepop:minepop_creeper":1,"minecraft:coal_ore":269,"minecraft:gravel":12,"minecraft:dripstone_block":2,"ftbic:uranium_ore":37,"minepop:minepop_ld_shadow_lady":1},"minecraft:broken":{"minecraft:stone_pickaxe":5,"minecraft:stone_axe":2,"minecraft:wooden_pickaxe":1,"minecraft:iron_axe":1,"minecraft:iron_pickaxe":1},"minecraft:killed":{"minecraft:spider":5,"minecraft:skeleton":5,"minecraft:chicken":17,"minecraft:pig":22,"minecraft:iron_golem":1,"minecraft:creeper":5,"minecraft:sheep":31,"minecraft:trader_llama":1,"minecraft:donkey":4,"minecraft:zombie":22,"minecraft:glow_squid":4,"minecraft:cow":24,"minecraft:horse":8,"minecraft:drowned":2,"minecraft:wandering_trader":1,"minecraft:villager":1},"minecraft:crafted":{"minecraft:oak_planks":64,"minecraft:smooth_stone":19,"minecraft:birch_boat":1,"minecraft:cooked_chicken":5,"minecraft:stone":197,"securitycraft:keypad_item":4,"minecraft:heavy_weighted_pressure_plate":4,"minecraft:cooked_mutton":18,"securitycraft:laser_block":2,"minecraft:glass":55,"minecraft:chest":2,"create_sa:copper_leggings":1,"minecraft:cooked_porkchop":1,"minecraft:crafting_table":9,"minecraft:wooden_pickaxe":3,"minecraft:copper_ingot":31,"minecraft:birch_planks":120,"minecraft:paper":12,"minecraft:stick":80,"minecraft:iron_ingot":59,"minecraft:iron_pickaxe":2,"minecraft:stone_sword":2,"minecraft:gold_ingot":29,"securitycraft:universal_block_reinforcer_lvl1":2,"minecraft:stone_shovel":1,"minecraft:smooth_stone_slab":6,"comforts:sleeping_bag_white":1,"minecraft:furnace":4,"minecraft:stone_button":35,"securitycraft:keypad_frame":1,"create_sa:copper_helmet":1,"minecraft:glass_pane":32,"minecraft:stone_pickaxe":7,"minecraft:redstone_block":2,"minecraft:wheat":117,"travelersbackpack:backpack_tank":2,"minecraft:bucket":1,"minecraft:stone_axe":5,"minecraft:bread":39,"minecraft:air":0,"securitycraft:dirt_mine":2,"create_sa:copper_sword":1,"minecraft:armor_stand":2,"camera:image_frame":4,"minecraft:torch":52,"create:zinc_ingot":13},"minecraft:killed_by":{"minecraft:creeper":3,"minecraft:zombie":4,"minecraft:player":10,"minecraft:skeleton":1},"minecraft:used":{"securitycraft:keypad_trapdoor":1,"minepop:minepop_techno_blade":1,"minecraft:chest":1,"minecraft:shield":30,"minecraft:rotten_flesh":4,"minecraft:iron_chestplate":1,"securitycraft:keypad_item":4,"minepop:minepop_obiwan_kenobi":1,"minecraft:iron_helmet":2,"minecraft:item_frame":1,"securitycraft:universal_key_changer":1,"minecraft:furnace":6,"minecraft:oak_sapling":10,"minecraft:egg":5,"securitycraft:door_indestructible_iron_item":3,"minecraft:stone_pickaxe":882,"minecraft:oak_planks":35,"minecraft:wooden_pickaxe":106,"securitycraft:keypad_frame":1,"minecraft:diamond_axe":13,"create_sa:zinc_pickaxe":65,"securitycraft:universal_block_remover":13,"minecraft:dripstone_block":5,"minecraft:bread":4,"create_sa:copper_sword":122,"create_sa:copper_boots":1,"minecraft:stone_button":1,"securitycraft:mine":20,"camera:image_frame":4,"minecraft:stone_sword":41,"minecraft:stone_shovel":52,"securitycraft:keypad_chest":6,"minecraft:cooked_chicken":93,"minecraft:torch":43,"minecraft:dirt":67,"minecraft:anvil":2,"securitycraft:reinforced_stone":635,"minepop:minepop_princess_leia":1,"minecraft:iron_axe":149,"minecraft:iron_boots":1,"minepop:randombox":1,"minecraft:tall_grass":53,"securitycraft:dirt_mine":3,"minecraft:cobbled_deepslate":13,"minecraft:iron_leggings":1,"minecraft:cooked_mutton":29,"minecraft:water_bucket":5,"minecraft:amethyst_block":4,"securitycraft:reinforced_cobblestone":2,"minecraft:birch_planks":5,"minecraft:birch_boat":3,"securitycraft:keypad":1,"minecraft:crafting_table":18,"minecraft:birch_sign":1,"create_sa:copper_leggings":1,"minecraft:chicken":1,"minecraft:iron_pickaxe":397,"minecraft:stone_axe":391,"minecraft:cobblestone":49,"travelersbackpack:standard":6,"minecraft:cooked_porkchop":10,"securitycraft:admin_tool":2,"minecraft:bucket":2,"securitycraft:universal_owner_changer":1,"securitycraft:keypad_furnace":1},"minecraft:dropped":{"minecraft:iron_sword":1,"minecraft:oak_log":4,"minecraft:crafting_table":1,"minecraft:cooked_porkchop":6,"securitycraft:door_indestructible_iron_item":1,"travelersbackpack:standard":3,"minecraft:dirt":98,"minecraft:stone_button":1,"create_sa:copper_sword":4,"minecraft:cornflower":1,"minecraft:mutton":2,"minecraft:wooden_sword":1,"minecraft:white_wool":1,"minecraft:bone":1,"minecraft:armor_stand":2,"minecraft:gravel":13,"minecraft:stone_axe":3,"minecraft:cooked_chicken":2,"minecraft:cobbled_deepslate":12,"minepop:minepop_yoda":1,"minecraft:birch_sapling":7,"minecraft:pointed_dripstone":14,"camera:image":4,"minecraft:rotten_flesh":9,"create_sa:copper_helmet":1,"securitycraft:keypad_item":4,"minecraft:birch_door":1,"minecraft:iron_bars":1,"minecraft:arrow":4,"minecraft:egg":3,"create_sa:copper_leggings":1,"minecraft:wheat_seeds":9,"tempad:tempad":8,"minecraft:dripstone_block":22,"minecraft:feather":15,"minecraft:iron_helmet":1,"minecraft:cobblestone":162,"minecraft:lead":1,"securitycraft:keypad_trapdoor":1,"minecraft:granite":1,"securitycraft:universal_owner_changer":2,"minecraft:grass_block":65,"minecraft:stick":2,"minecraft:diorite":2,"minecraft:torch":28,"create_sa:copper_boots":1,"minecraft:wooden_axe":1,"minecraft:iron_leggings":1,"minecraft:smooth_stone":17,"minecraft:paper":6,"securitycraft:reinforced_stone":19,"minecraft:furnace":1,"minecraft:bricks":2,"create_sa:copper_chestplate":1,"minecraft:stone_sword":5,"minecraft:raw_copper":27,"minecraft:smooth_stone_slab":4,"minecraft:tuff":3,"minecraft:raw_iron":1,"minecraft:tall_grass":1,"minecraft:iron_boots":1,"securitycraft:reinforced_cobblestone":4,"securitycraft:universal_block_remover":4,"minecraft:shield":1,"minecraft:iron_chestplate":1,"minecraft:oak_sapling":2,"minecraft:golden_sword":1,"minecraft:birch_sign":1,"minecraft:stone_pickaxe":3,"securitycraft:universal_key_changer":2,"minecraft:wooden_pickaxe":1,"securitycraft:universal_block_reinforcer_lvl1":1}},"DataVersion":2975}