{"stats":{"minecraft:custom":{"minecraft:jump":22,"minecraft:open_chest":2,"minecraft:time_since_rest":9917,"minecraft:leave_game":4,"minecraft:play_time":9917,"minecraft:sprint_one_cm":1794,"minecraft:damage_taken":90,"minecraft:time_since_death":9917,"minecraft:walk_one_cm":38210,"minecraft:total_world_time":9917,"minecraft:play_noteblock":1,"minecraft:fly_one_cm":863,"minecraft:fall_one_cm":418},"minecraft:picked_up":{"create_sa:copper_helmet":1,"create_sa:copper_boots":1,"create_sa:copper_chestplate":1,"create_sa:copper_leggings":1,"minecraft:dirt":7},"minecraft:mined":{"minecraft:birch_leaves":3}},"DataVersion":2975}