{
  "create:root": {
    "criteria": {
      "0": "2024-06-15 11:35:54 +0000"
    },
    "done": true
  },
  "tempad:tempad": {
    "criteria": {
      "requirement": "2024-06-15 11:43:53 +0000"
    },
    "done": true
  },
  "minecraft:adventure/adventuring_time": {
    "criteria": {
      "minecraft:birch_forest": "2024-06-15 11:34:47 +0000",
      "minecraft:dark_forest": "2024-06-15 11:44:31 +0000",
      "minecraft:dripstone_caves": "2024-06-15 11:35:37 +0000",
      "minecraft:old_growth_birch_forest": "2024-06-15 11:34:15 +0000"
    },
    "done": false
  },
  "DataVersion": 2975
}